Index,Name,Status
0,modern_image_10010.jpg,negative
1,modern_image_10028.jpg,negative
2,modern_image_10048.jpg,negative
3,modern_image_1012.jpg,positive
4,modern_image_10122.jpg,negative
5,modern_image_10145.jpg,negative
6,modern_image_10146.jpg,negative
7,modern_image_10147.jpg,positive
8,modern_image_10163.jpg,negative
9,modern_image_10188.jpg,negative
10,modern_image_10197.jpg,negative
11,modern_image_1020.jpg,positive
12,modern_image_10206.jpg,negative
13,modern_image_10213.jpg,negative
14,modern_image_10218.jpg,positive
15,modern_image_1023.jpg,positive
16,modern_image_10234.jpg,negative
17,modern_image_10241.jpg,negative
18,modern_image_10253.jpg,negative
19,modern_image_10256.jpg,negative
20,modern_image_10320.jpg,negative
21,modern_image_10321.jpg,positive
22,modern_image_10328.jpg,positive
23,modern_image_10329.jpg,positive
24,modern_image_1033.jpg,positive
25,modern_image_10340.jpg,positive
26,modern_image_10381.jpg,positive
27,modern_image_10420.jpg,negative
28,modern_image_10427.jpg,negative
29,modern_image_10439.jpg,positive
30,modern_image_10491.jpg,negative
31,modern_image_10522.jpg,negative
32,modern_image_10527.jpg,positive
33,modern_image_10532.jpg,positive
34,modern_image_10543.jpg,positive
35,modern_image_10560.jpg,positive
36,modern_image_10569.jpg,positive
37,modern_image_10582.jpg,positive
38,modern_image_10586.jpg,positive
39,modern_image_10592.jpg,positive
40,modern_image_10609.jpg,negative
41,modern_image_10617.jpg,positive
42,modern_image_1062.jpg,positive
43,modern_image_10620.jpg,negative
44,modern_image_1067.jpg,negative
45,modern_image_10716.jpg,negative
46,modern_image_10726.jpg,negative
47,modern_image_10769.jpg,positive
48,modern_image_10771.jpg,negative
49,modern_image_1082.jpg,negative
50,modern_image_1088.jpg,negative
51,modern_image_1127.jpg,negative
52,modern_image_113.jpg,positive
53,modern_image_1145.jpg,positive
54,modern_image_1181.jpg,positive
55,modern_image_1184.jpg,negative
56,modern_image_1203.jpg,negative
57,modern_image_1205.jpg,negative
58,modern_image_122.jpg,positive
59,modern_image_1223.jpg,negative
60,modern_image_1227.jpg,positive
61,modern_image_1261.jpg,positive
62,modern_image_1274.jpg,positive
63,modern_image_1287.jpg,positive
64,modern_image_1304.jpg,negative
65,modern_image_132.jpg,positive
66,modern_image_1346.jpg,positive
67,modern_image_1348.jpg,positive
68,modern_image_1373.jpg,positive
69,modern_image_142.jpg,positive
70,modern_image_1431.jpg,positive
71,modern_image_1437.jpg,negative
72,modern_image_1519.jpg,positive
73,modern_image_1532.jpg,negative
74,modern_image_1540.jpg,negative
75,modern_image_1564.jpg,negative
76,modern_image_1583.jpg,negative
77,modern_image_1589.jpg,negative
78,modern_image_161.jpg,negative
79,modern_image_1614.jpg,negative
80,modern_image_1620.jpg,positive
81,modern_image_166.jpg,positive
82,modern_image_1671.jpg,negative
83,modern_image_1682.jpg,positive
84,modern_image_1697.jpg,negative
85,modern_image_1712.jpg,positive
86,modern_image_1713.jpg,negative
87,modern_image_1754.jpg,negative
88,modern_image_1766.jpg,negative
89,modern_image_1780.jpg,positive
90,modern_image_1797.jpg,negative
91,modern_image_1806.jpg,negative
92,modern_image_1841.jpg,positive
93,modern_image_1856.jpg,positive
94,modern_image_188.jpg,positive
95,modern_image_1902.jpg,positive
96,modern_image_1906.jpg,positive
97,modern_image_1915.jpg,negative
98,modern_image_192.jpg,positive
99,modern_image_1926.jpg,negative
100,modern_image_1935.jpg,negative
101,modern_image_1987.jpg,positive
102,modern_image_2012.jpg,negative
103,modern_image_2029.jpg,negative
104,modern_image_2036.jpg,positive
105,modern_image_2046.jpg,negative
106,modern_image_2057.jpg,negative
107,modern_image_2098.jpg,positive
108,modern_image_2141.jpg,positive
109,modern_image_2150.jpg,positive
110,modern_image_2157.jpg,negative
111,modern_image_2161.jpg,negative
112,modern_image_2162.jpg,positive
113,modern_image_2180.jpg,positive
114,modern_image_2202.jpg,positive
115,modern_image_2208.jpg,positive
116,modern_image_2269.jpg,negative
117,modern_image_2286.jpg,positive
118,modern_image_2301.jpg,positive
119,modern_image_2323.jpg,positive
120,modern_image_2325.jpg,positive
121,modern_image_2329.jpg,positive
122,modern_image_2338.jpg,positive
123,modern_image_2375.jpg,positive
124,modern_image_2405.jpg,negative
125,modern_image_2417.jpg,negative
126,modern_image_2420.jpg,positive
127,modern_image_2437.jpg,negative
128,modern_image_2443.jpg,negative
129,modern_image_2461.jpg,negative
130,modern_image_2497.jpg,negative
131,modern_image_2499.jpg,negative
132,modern_image_2512.jpg,negative
133,modern_image_2521.jpg,negative
134,modern_image_2538.jpg,negative
135,modern_image_2600.jpg,negative
136,modern_image_263.jpg,negative
137,modern_image_2637.jpg,negative
138,modern_image_2698.jpg,negative
139,modern_image_2715.jpg,positive
140,modern_image_2740.jpg,negative
141,modern_image_2757.jpg,positive
142,modern_image_2791.jpg,positive
143,modern_image_2815.jpg,negative
144,modern_image_2836.jpg,positive
145,modern_image_2850.jpg,negative
146,modern_image_2859.jpg,positive
147,modern_image_2872.jpg,negative
148,modern_image_289.jpg,positive
149,modern_image_2930.jpg,negative
150,modern_image_2959.jpg,positive
151,modern_image_2961.jpg,positive
152,modern_image_2962.jpg,positive
153,modern_image_2970.jpg,negative
154,modern_image_2995.jpg,negative
155,modern_image_3021.jpg,positive
156,modern_image_3050.jpg,negative
157,modern_image_3111.jpg,negative
158,modern_image_3162.jpg,positive
159,modern_image_318.jpg,positive
160,modern_image_3191.jpg,positive
161,modern_image_3194.jpg,negative
162,modern_image_3210.jpg,positive
163,modern_image_3246.jpg,positive
164,modern_image_3247.jpg,positive
165,modern_image_3271.jpg,negative
166,modern_image_3314.jpg,negative
167,modern_image_3366.jpg,negative
168,modern_image_3374.jpg,negative
169,modern_image_3406.jpg,positive
170,modern_image_3414.jpg,positive
171,modern_image_3421.jpg,positive
172,modern_image_3456.jpg,negative
173,modern_image_3477.jpg,positive
174,modern_image_3483.jpg,positive
175,modern_image_3493.jpg,positive
176,modern_image_3498.jpg,negative
177,modern_image_35.jpg,negative
178,modern_image_3510.jpg,positive
179,modern_image_3528.jpg,positive
180,modern_image_3531.jpg,positive
181,modern_image_3540.jpg,negative
182,modern_image_3546.jpg,positive
183,modern_image_3560.jpg,positive
184,modern_image_3618.jpg,positive
185,modern_image_3703.jpg,positive
186,modern_image_3727.jpg,negative
187,modern_image_373.jpg,positive
188,modern_image_3755.jpg,negative
189,modern_image_3766.jpg,negative
190,modern_image_3775.jpg,positive
191,modern_image_3777.jpg,positive
192,modern_image_3785.jpg,negative
193,modern_image_3828.jpg,positive
194,modern_image_3843.jpg,negative
195,modern_image_385.jpg,negative
196,modern_image_3850.jpg,negative
197,modern_image_386.jpg,negative
198,modern_image_3890.jpg,negative
199,modern_image_3894.jpg,negative
200,modern_image_3910.jpg,positive
201,modern_image_3957.jpg,positive
202,modern_image_3988.jpg,positive
203,modern_image_4127.jpg,positive
204,modern_image_4181.jpg,negative
205,modern_image_4185.jpg,positive
206,modern_image_4211.jpg,positive
207,modern_image_4242.jpg,negative
208,modern_image_4251.jpg,positive
209,modern_image_4292.jpg,negative
210,modern_image_4342.jpg,positive
211,modern_image_4413.jpg,positive
212,modern_image_4417.jpg,positive
213,modern_image_4419.jpg,positive
214,modern_image_4426.jpg,positive
215,modern_image_445.jpg,positive
216,modern_image_4493.jpg,positive
217,modern_image_4540.jpg,negative
218,modern_image_4554.jpg,negative
219,modern_image_4557.jpg,negative
220,modern_image_4566.jpg,positive
221,modern_image_4567.jpg,positive
222,modern_image_4582.jpg,positive
223,modern_image_4594.jpg,positive
224,modern_image_4596.jpg,positive
225,modern_image_4632.jpg,negative
226,modern_image_4645.jpg,positive
227,modern_image_4687.jpg,negative
228,modern_image_4708.jpg,negative
229,modern_image_4711.jpg,positive
230,modern_image_472.jpg,positive
231,modern_image_4733.jpg,positive
232,modern_image_4734.jpg,positive
233,modern_image_4742.jpg,positive
234,modern_image_4746.jpg,negative
235,modern_image_4747.jpg,positive
236,modern_image_4806.jpg,positive
237,modern_image_4821.jpg,positive
238,modern_image_4830.jpg,negative
239,modern_image_4874.jpg,positive
240,modern_image_4926.jpg,positive
241,modern_image_4994.jpg,positive
242,modern_image_5017.jpg,negative
243,modern_image_5049.jpg,negative
244,modern_image_5084.jpg,negative
245,modern_image_5094.jpg,positive
246,modern_image_5100.jpg,positive
247,modern_image_5138.jpg,positive
248,modern_image_5146.jpg,positive
249,modern_image_5180.jpg,positive
250,modern_image_5188.jpg,negative
251,modern_image_5236.jpg,positive
252,modern_image_5259.jpg,positive
253,modern_image_5314.jpg,positive
254,modern_image_5315.jpg,negative
255,modern_image_5355.jpg,positive
256,modern_image_5369.jpg,negative
257,modern_image_5378.jpg,positive
258,modern_image_5381.jpg,positive
259,modern_image_5404.jpg,negative
260,modern_image_5405.jpg,negative
261,modern_image_5430.jpg,negative
262,modern_image_5463.jpg,negative
263,modern_image_5492.jpg,positive
264,modern_image_5522.jpg,positive
265,modern_image_5531.jpg,positive
266,modern_image_5541.jpg,negative
267,modern_image_5575.jpg,positive
268,modern_image_5590.jpg,positive
269,modern_image_5619.jpg,positive
270,modern_image_5623.jpg,positive
271,modern_image_5651.jpg,negative
272,modern_image_568.jpg,negative
273,modern_image_5771.jpg,negative
274,modern_image_5793.jpg,negative
275,modern_image_5810.jpg,negative
276,modern_image_5833.jpg,positive
277,modern_image_5852.jpg,positive
278,modern_image_5860.jpg,positive
279,modern_image_5871.jpg,negative
280,modern_image_5898.jpg,positive
281,modern_image_5900.jpg,positive
282,modern_image_5933.jpg,negative
283,modern_image_5964.jpg,negative
284,modern_image_599.jpg,positive
285,modern_image_6029.jpg,positive
286,modern_image_6045.jpg,positive
287,modern_image_6047.jpg,positive
288,modern_image_6060.jpg,negative
289,modern_image_6064.jpg,negative
290,modern_image_6092.jpg,positive
291,modern_image_611.jpg,positive
292,modern_image_6167.jpg,negative
293,modern_image_6187.jpg,negative
294,modern_image_6214.jpg,positive
295,modern_image_6216.jpg,negative
296,modern_image_6217.jpg,positive
297,modern_image_6251.jpg,negative
298,modern_image_6295.jpg,negative
299,modern_image_6319.jpg,positive
300,modern_image_6360.jpg,positive
301,modern_image_6383.jpg,positive
302,modern_image_6440.jpg,negative
303,modern_image_6453.jpg,positive
304,modern_image_6455.jpg,positive
305,modern_image_6468.jpg,negative
306,modern_image_6473.jpg,positive
307,modern_image_6506.jpg,positive
308,modern_image_6514.jpg,positive
309,modern_image_6519.jpg,negative
310,modern_image_6523.jpg,negative
311,modern_image_6537.jpg,positive
312,modern_image_6544.jpg,positive
313,modern_image_6556.jpg,positive
314,modern_image_6571.jpg,positive
315,modern_image_6578.jpg,negative
316,modern_image_66.jpg,negative
317,modern_image_6606.jpg,positive
318,modern_image_6617.jpg,positive
319,modern_image_6626.jpg,positive
320,modern_image_6641.jpg,positive
321,modern_image_6647.jpg,negative
322,modern_image_665.jpg,positive
323,modern_image_6665.jpg,positive
324,modern_image_6684.jpg,positive
325,modern_image_6691.jpg,negative
326,modern_image_6694.jpg,positive
327,modern_image_6728.jpg,positive
328,modern_image_6769.jpg,negative
329,modern_image_6774.jpg,positive
330,modern_image_6798.jpg,negative
331,modern_image_6801.jpg,negative
332,modern_image_6805.jpg,negative
333,modern_image_6817.jpg,negative
334,modern_image_6834.jpg,positive
335,modern_image_6930.jpg,negative
336,modern_image_6948.jpg,positive
337,modern_image_695.jpg,positive
338,modern_image_6976.jpg,negative
339,modern_image_6998.jpg,positive
340,modern_image_7020.jpg,positive
341,modern_image_7021.jpg,positive
342,modern_image_7065.jpg,positive
343,modern_image_7101.jpg,positive
344,modern_image_7104.jpg,positive
345,modern_image_7107.jpg,positive
346,modern_image_7119.jpg,positive
347,modern_image_7139.jpg,negative
348,modern_image_7144.jpg,negative
349,modern_image_7147.jpg,positive
350,modern_image_7182.jpg,positive
351,modern_image_7186.jpg,negative
352,modern_image_7195.jpg,negative
353,modern_image_7264.jpg,positive
354,modern_image_7302.jpg,positive
355,modern_image_7308.jpg,negative
356,modern_image_7313.jpg,negative
357,modern_image_7327.jpg,negative
358,modern_image_7333.jpg,negative
359,modern_image_7339.jpg,negative
360,modern_image_7378.jpg,positive
361,modern_image_7401.jpg,positive
362,modern_image_7403.jpg,positive
363,modern_image_7420.jpg,positive
364,modern_image_7442.jpg,positive
365,modern_image_7458.jpg,negative
366,modern_image_7467.jpg,negative
367,modern_image_7504.jpg,negative
368,modern_image_751.jpg,negative
369,modern_image_7512.jpg,negative
370,modern_image_7550.jpg,positive
371,modern_image_7562.jpg,positive
372,modern_image_7574.jpg,positive
373,modern_image_7581.jpg,negative
374,modern_image_7582.jpg,negative
375,modern_image_7594.jpg,positive
376,modern_image_7602.jpg,negative
377,modern_image_761.jpg,positive
378,modern_image_7616.jpg,positive
379,modern_image_7683.jpg,positive
380,modern_image_7696.jpg,negative
381,modern_image_7703.jpg,positive
382,modern_image_7709.jpg,negative
383,modern_image_7728.jpg,positive
384,modern_image_7740.jpg,positive
385,modern_image_7759.jpg,positive
386,modern_image_7769.jpg,negative
387,modern_image_781.jpg,positive
388,modern_image_7850.jpg,negative
389,modern_image_7865.jpg,negative
390,modern_image_787.jpg,negative
391,modern_image_7880.jpg,positive
392,modern_image_7904.jpg,negative
393,modern_image_7905.jpg,negative
394,modern_image_7929.jpg,positive
395,modern_image_7933.jpg,negative
396,modern_image_7934.jpg,positive
397,modern_image_7949.jpg,positive
398,modern_image_7986.jpg,negative
399,modern_image_7987.jpg,negative
400,modern_image_8007.jpg,positive
401,modern_image_8008.jpg,positive
402,modern_image_8025.jpg,negative
403,modern_image_8032.jpg,negative
404,modern_image_8053.jpg,negative
405,modern_image_8071.jpg,positive
406,modern_image_8075.jpg,positive
407,modern_image_8117.jpg,negative
408,modern_image_8134.jpg,positive
409,modern_image_8171.jpg,negative
410,modern_image_8237.jpg,negative
411,modern_image_824.jpg,positive
412,modern_image_8257.jpg,negative
413,modern_image_8267.jpg,positive
414,modern_image_8312.jpg,positive
415,modern_image_833.jpg,positive
416,modern_image_834.jpg,negative
417,modern_image_8342.jpg,positive
418,modern_image_8373.jpg,positive
419,modern_image_8378.jpg,negative
420,modern_image_8398.jpg,positive
421,modern_image_8400.jpg,negative
422,modern_image_8434.jpg,positive
423,modern_image_8437.jpg,negative
424,modern_image_8452.jpg,positive
425,modern_image_8455.jpg,positive
426,modern_image_8475.jpg,negative
427,modern_image_8481.jpg,positive
428,modern_image_8482.jpg,negative
429,modern_image_8509.jpg,positive
430,modern_image_8541.jpg,positive
431,modern_image_8550.jpg,positive
432,modern_image_8570.jpg,positive
433,modern_image_8574.jpg,positive
434,modern_image_864.jpg,positive
435,modern_image_8650.jpg,positive
436,modern_image_8660.jpg,negative
437,modern_image_8678.jpg,negative
438,modern_image_8680.jpg,negative
439,modern_image_8683.jpg,positive
440,modern_image_875.jpg,negative
441,modern_image_8783.jpg,negative
442,modern_image_8800.jpg,positive
443,modern_image_8839.jpg,negative
444,modern_image_8887.jpg,positive
445,modern_image_8898.jpg,positive
446,modern_image_8918.jpg,negative
447,modern_image_8955.jpg,negative
448,modern_image_8979.jpg,positive
449,modern_image_8999.jpg,negative
450,modern_image_9047.jpg,negative
451,modern_image_9067.jpg,negative
452,modern_image_9068.jpg,negative
453,modern_image_9080.jpg,positive
454,modern_image_9109.jpg,negative
455,modern_image_914.jpg,negative
456,modern_image_9145.jpg,positive
457,modern_image_9151.jpg,positive
458,modern_image_9152.jpg,positive
459,modern_image_9154.jpg,negative
460,modern_image_9167.jpg,negative
461,modern_image_921.jpg,negative
462,modern_image_9211.jpg,negative
463,modern_image_9255.jpg,positive
464,modern_image_9268.jpg,negative
465,modern_image_9284.jpg,negative
466,modern_image_9293.jpg,positive
467,modern_image_9328.jpg,positive
468,modern_image_9389.jpg,negative
469,modern_image_94.jpg,negative
470,modern_image_940.jpg,negative
471,modern_image_9423.jpg,negative
472,modern_image_9442.jpg,positive
473,modern_image_9479.jpg,positive
474,modern_image_948.jpg,positive
475,modern_image_9486.jpg,negative
476,modern_image_9489.jpg,positive
477,modern_image_9521.jpg,positive
478,modern_image_9527.jpg,negative
479,modern_image_9592.jpg,negative
480,modern_image_9649.jpg,negative
481,modern_image_9735.jpg,positive
482,modern_image_9756.jpg,positive
483,modern_image_9774.jpg,positive
484,modern_image_9785.jpg,positive
485,modern_image_9799.jpg,positive
486,modern_image_9809.jpg,positive
487,modern_image_9816.jpg,positive
488,modern_image_9832.jpg,positive
489,modern_image_9833.jpg,positive
490,modern_image_9850.jpg,positive
491,modern_image_9869.jpg,negative
492,modern_image_9876.jpg,negative
493,modern_image_9923.jpg,negative
494,modern_image_9942.jpg,negative
495,modern_image_9943.jpg,negative
496,modern_image_9946.jpg,positive
497,modern_image_9953.jpg,negative
498,modern_image_9963.jpg,positive
499,modern_image_9965.jpg,positive
