Index,,Name,Status
0,,10.jpg,negative
1,,1001.jpg,negative
2,,1006.jpg,negative
3,,1010.jpg,positive
4,,1013.jpg,positive
5,,1015.jpg,negative
6,,1017.jpg,negative
7,,1022.jpg,negative
8,,1024.jpg,negative
9,,1025.jpg,negative
10,,1030.jpg,negative
11,,1032.jpg,negative
12,,1034.jpg,negative
13,,1041.jpg,negative
14,,1050.jpg,negative
15,,1057.jpg,negative
16,,106.jpg,negative
17,,1060.jpg,negative
18,,1062.jpg,negative
19,,1069.jpg,negative
20,,1075.jpg,negative
21,,1077.jpg,negative
22,,1078.jpg,negative
23,,1079.jpg,negative
24,,1080.jpg,negative
25,,1083.jpg,negative
26,,1086.jpg,negative
27,,109.jpg,positive
28,,1091.jpg,negative
29,,1092.jpg,negative
30,,1095.jpg,negative
31,,1099.jpg,negative
32,,11.jpg,negative
33,,110.jpg,positive
34,,1101.jpg,negative
35,,1103.jpg,negative
36,,1104.jpg,negative
37,,1114.jpg,negative
38,,1115.jpg,negative
39,,1119.jpg,negative
40,,112.jpg,positive
41,,1124.jpg,negative
42,,1126.jpg,negative
43,,1129.jpg,negative
44,,113.jpg,negative
45,,1130.jpg,negative
46,,1135.jpg,negative
47,,1139.jpg,negative
48,,1145.jpg,negative
49,,1149.jpg,negative
50,,115.jpg,negative
51,,1151.jpg,negative
52,,1152.jpg,negative
53,,1154.jpg,negative
54,,1157.jpg,negative
55,,1158.jpg,negative
56,,116.jpg,positive
57,,1160.jpg,negative
58,,1163.jpg,negative
59,,1164.jpg,negative
60,,117.jpg,positive
61,,1172.jpg,negative
62,,1177.jpg,negative
63,,1178.jpg,negative
64,,1182.jpg,negative
65,,1188.jpg,negative
66,,119.jpg,positive
67,,1190.jpg,negative
68,,1194.jpg,negative
69,,1199.jpg,positive
70,,1204.jpg,negative
71,,1206.jpg,negative
72,,1210.jpg,positive
73,,1212.jpg,negative
74,,1216.jpg,negative
75,,1219.jpg,positive
76,,1220.jpg,negative
77,,1224.jpg,negative
78,,1229.jpg,negative
79,,123.jpg,negative
80,,1232.jpg,negative
81,,1236.jpg,negative
82,,1238.jpg,negative
83,,1239.jpg,negative
84,,1243.jpg,negative
85,,1247.jpg,positive
86,,1249.jpg,negative
87,,1256.jpg,negative
88,,1258.jpg,negative
89,,126.jpg,negative
90,,1270.jpg,negative
91,,1273.jpg,negative
92,,1274.jpg,negative
93,,1276.jpg,negative
94,,1277.jpg,negative
95,,1279.jpg,negative
96,,1280.jpg,negative
97,,1283.jpg,negative
98,,1286.jpg,negative
99,,1287.jpg,negative
100,,1291.jpg,negative
101,,1294.jpg,negative
102,,1295.jpg,negative
103,,1296.jpg,negative
104,,1298.jpg,negative
105,,1300.jpg,negative
106,,1303.jpg,negative
107,,1306.jpg,negative
108,,1308.jpg,positive
109,,1312.jpg,negative
110,,1313.jpg,negative
111,,132.jpg,negative
112,,1321.jpg,negative
113,,1326.jpg,negative
114,,1336.jpg,negative
115,,1339.jpg,negative
116,,1340.jpg,negative
117,,1346.jpg,positive
118,,1348.jpg,negative
119,,1350.jpg,negative
120,,1354.jpg,negative
121,,1359.jpg,negative
122,,1361.jpg,negative
123,,1368.jpg,negative
124,,1369.jpg,negative
125,,137.jpg,negative
126,,1373.jpg,negative
127,,1375.jpg,negative
128,,1379.jpg,negative
129,,138.jpg,positive
130,,1381.jpg,negative
131,,1383.jpg,negative
132,,1386.jpg,negative
133,,1389.jpg,negative
134,,1391.jpg,negative
135,,1392.jpg,negative
136,,1393.jpg,negative
137,,1395.jpg,negative
138,,1400.jpg,negative
139,,1403.jpg,negative
140,,1405.jpg,negative
141,,1408.jpg,negative
142,,141.jpg,positive
143,,1410.jpg,negative
144,,1411.jpg,negative
145,,1413.jpg,negative
146,,1419.jpg,negative
147,,1426.jpg,negative
148,,1428.jpg,negative
149,,1431.jpg,negative
150,,1435.jpg,negative
151,,1436.jpg,negative
152,,1438.jpg,positive
153,,1439.jpg,negative
154,,1442.jpg,negative
155,,1445.jpg,negative
156,,1447.jpg,negative
157,,1448.jpg,negative
158,,1452.jpg,negative
159,,1453.jpg,negative
160,,1455.jpg,negative
161,,1457.jpg,negative
162,,1458.jpg,negative
163,,1460.jpg,negative
164,,1461.jpg,negative
165,,1462.jpg,negative
166,,1465.jpg,negative
167,,1466.jpg,negative
168,,1467.jpg,negative
169,,1470.jpg,negative
170,,1472.jpg,negative
171,,1476.jpg,negative
172,,1485.jpg,negative
173,,1486.jpg,negative
174,,1496.jpg,negative
175,,1498.jpg,negative
176,,1501.jpg,negative
177,,1502.jpg,negative
178,,1503.jpg,negative
179,,1505.jpg,negative
180,,1510.jpg,negative
181,,1513.jpg,negative
182,,1514.jpg,negative
183,,1515.jpg,negative
184,,1517.jpg,negative
185,,1521.jpg,negative
186,,1527.jpg,negative
187,,153.jpg,negative
188,,1530.jpg,negative
189,,1531.jpg,negative
190,,1535.jpg,negative
191,,1541.jpg,negative
192,,1542.jpg,negative
193,,1544.jpg,negative
194,,1545.jpg,negative
195,,1547.jpg,negative
196,,1548.jpg,negative
197,,155.jpg,positive
198,,1552.jpg,negative
199,,1553.jpg,negative
200,,156.jpg,negative
201,,1562.jpg,negative
202,,1564.jpg,negative
203,,1567.jpg,negative
204,,1572.jpg,negative
205,,1578.jpg,negative
206,,1581.jpg,negative
207,,1586.jpg,negative
208,,1589.jpg,negative
209,,1590.jpg,negative
210,,1591.jpg,positive
211,,1596.jpg,negative
212,,1598.jpg,negative
213,,1599.jpg,negative
214,,1602.jpg,negative
215,,1603.jpg,negative
216,,1604.jpg,negative
217,,1605.jpg,negative
218,,1607.jpg,negative
219,,1613.jpg,positive
220,,1618.jpg,negative
221,,1620.jpg,negative
222,,1621.jpg,negative
223,,1622.jpg,negative
224,,1623.jpg,negative
225,,1627.jpg,negative
226,,1631.jpg,negative
227,,1632.jpg,negative
228,,1637.jpg,negative
229,,1641.jpg,negative
230,,1642.jpg,negative
231,,1648.jpg,negative
232,,1650.jpg,negative
233,,1652.jpg,negative
234,,1654.jpg,negative
235,,1658.jpg,negative
236,,1659.jpg,negative
237,,1661.jpg,negative
238,,1663.jpg,negative
239,,1665.jpg,negative
240,,1666.jpg,negative
241,,1667.jpg,negative
242,,1669.jpg,negative
243,,1670.jpg,positive
244,,1672.jpg,negative
245,,1674.jpg,negative
246,,1675.jpg,negative
247,,1677.jpg,negative
248,,1680.jpg,negative
249,,1681.jpg,negative
250,,1682.jpg,negative
251,,1694.jpg,negative
252,,1695.jpg,negative
253,,1696.jpg,negative
254,,17.jpg,negative
255,,1705.jpg,negative
256,,1707.jpg,negative
257,,1708.jpg,negative
258,,1709.jpg,negative
259,,1710.jpg,negative
260,,1711.jpg,positive
261,,1714.jpg,negative
262,,172.jpg,negative
263,,1722.jpg,negative
264,,1723.jpg,negative
265,,1724.jpg,negative
266,,173.jpg,negative
267,,1732.jpg,negative
268,,1741.jpg,negative
269,,1746.jpg,negative
270,,1751.jpg,negative
271,,176.jpg,negative
272,,1761.jpg,negative
273,,1762.jpg,negative
274,,1772.jpg,negative
275,,1775.jpg,negative
276,,1778.jpg,negative
277,,178.jpg,negative
278,,1783.jpg,negative
279,,1787.jpg,negative
280,,1789.jpg,negative
281,,1790.jpg,negative
282,,1795.jpg,positive
283,,1796.jpg,negative
284,,1798.jpg,negative
285,,1805.jpg,negative
286,,1806.jpg,negative
287,,1807.jpg,negative
288,,1815.jpg,negative
289,,1817.jpg,negative
290,,1818.jpg,negative
291,,182.jpg,negative
292,,1823.jpg,negative
293,,1825.jpg,negative
294,,1830.jpg,negative
295,,1834.jpg,negative
296,,1838.jpg,negative
297,,1842.jpg,negative
298,,1843.jpg,positive
299,,1847.jpg,negative
300,,1851.jpg,negative
301,,1856.jpg,negative
302,,1859.jpg,negative
303,,1861.jpg,negative
304,,1863.jpg,negative
305,,1868.jpg,negative
306,,1869.jpg,negative
307,,187.jpg,negative
308,,1872.jpg,negative
309,,1874.jpg,negative
310,,1884.jpg,negative
311,,1885.jpg,negative
312,,1890.jpg,negative
313,,1891.jpg,negative
314,,1895.jpg,positive
315,,1896.jpg,negative
316,,19.jpg,negative
317,,190.jpg,negative
318,,1901.jpg,negative
319,,1906.jpg,negative
320,,1909.jpg,negative
321,,1913.jpg,negative
322,,1916.jpg,negative
323,,1917.jpg,negative
324,,1919.jpg,negative
325,,192.jpg,negative
326,,1926.jpg,negative
327,,1928.jpg,negative
328,,1929.jpg,negative
329,,1932.jpg,negative
330,,1937.jpg,negative
331,,1938.jpg,negative
332,,1941.jpg,negative
333,,1954.jpg,negative
334,,1958.jpg,negative
335,,1962.jpg,negative
336,,1964.jpg,negative
337,,1965.jpg,negative
338,,1967.jpg,negative
339,,197.jpg,positive
340,,1971.jpg,negative
341,,1975.jpg,negative
342,,1979.jpg,negative
343,,1987.jpg,negative
344,,1990.jpg,negative
345,,1992.jpg,negative
346,,1993.jpg,negative
347,,1996.jpg,negative
348,,1998.jpg,negative
349,,1999.jpg,negative
350,,2.jpg,negative
351,,20.jpg,negative
352,,200.jpg,negative
353,,2001.jpg,negative
354,,2009.jpg,negative
355,,2011.jpg,negative
356,,2013.jpg,negative
357,,2014.jpg,negative
358,,2016.jpg,negative
359,,2017.jpg,negative
360,,2019.jpg,negative
361,,2022.jpg,positive
362,,2023.jpg,negative
363,,2024.jpg,negative
364,,2026.jpg,negative
365,,2027.jpg,negative
366,,2029.jpg,negative
367,,203.jpg,negative
368,,2032.jpg,negative
369,,2037.jpg,negative
370,,2042.jpg,negative
371,,2045.jpg,negative
372,,2054.jpg,negative
373,,2060.jpg,negative
374,,2066.jpg,negative
375,,2068.jpg,negative
376,,2069.jpg,negative
377,,2070.jpg,negative
378,,2074.jpg,negative
379,,2076.jpg,negative
380,,2077.jpg,positive
381,,2079.jpg,negative
382,,208.jpg,negative
383,,2083.jpg,negative
384,,2084.jpg,negative
385,,2087.jpg,negative
386,,2100.jpg,negative
387,,2102.jpg,positive
388,,2105.jpg,negative
389,,2108.jpg,negative
390,,211.jpg,negative
391,,2114.jpg,negative
392,,2115.jpg,negative
393,,2116.jpg,negative
394,,2117.jpg,negative
395,,2118.jpg,negative
396,,2121.jpg,negative
397,,2122.jpg,positive
398,,2125.jpg,positive
399,,2126.jpg,negative
400,,2127.jpg,negative
401,,2135.jpg,negative
402,,2136.jpg,negative
403,,2138.jpg,negative
404,,2139.jpg,negative
405,,2145.jpg,negative
406,,2152.jpg,negative
407,,2153.jpg,negative
408,,2154.jpg,negative
409,,2157.jpg,negative
410,,2162.jpg,negative
411,,2163.jpg,negative
412,,2164.jpg,negative
413,,2165.jpg,negative
414,,2172.jpg,negative
415,,2179.jpg,negative
416,,2186.jpg,positive
417,,2187.jpg,positive
418,,2189.jpg,negative
419,,219.jpg,negative
420,,2192.jpg,negative
421,,2194.jpg,negative
422,,2198.jpg,negative
423,,2201.jpg,negative
424,,2202.jpg,negative
425,,2206.jpg,negative
426,,2208.jpg,negative
427,,2209.jpg,negative
428,,2210.jpg,positive
429,,2212.jpg,negative
430,,2217.jpg,negative
431,,2219.jpg,negative
432,,2222.jpg,negative
433,,2229.jpg,positive
434,,2230.jpg,negative
435,,2232.jpg,negative
436,,2233.jpg,negative
437,,2234.jpg,negative
438,,2237.jpg,negative
439,,2238.jpg,negative
440,,2241.jpg,negative
441,,2246.jpg,negative
442,,2249.jpg,negative
443,,225.jpg,positive
444,,2253.jpg,negative
445,,2258.jpg,negative
446,,2265.jpg,negative
447,,2266.jpg,negative
448,,2271.jpg,negative
449,,2272.jpg,negative
450,,2275.jpg,negative
451,,2277.jpg,negative
452,,2281.jpg,negative
453,,2288.jpg,negative
454,,2291.jpg,negative
455,,2292.jpg,negative
456,,2296.jpg,negative
457,,2299.jpg,negative
458,,230.jpg,positive
459,,2300.jpg,negative
460,,2302.jpg,negative
461,,2307.jpg,negative
462,,231.jpg,negative
463,,2314.jpg,negative
464,,2315.jpg,positive
465,,2319.jpg,negative
466,,232.jpg,negative
467,,2324.jpg,positive
468,,2326.jpg,negative
469,,2327.jpg,negative
470,,2328.jpg,negative
471,,2329.jpg,negative
472,,233.jpg,negative
473,,2332.jpg,negative
474,,2333.jpg,negative
475,,2336.jpg,negative
476,,2338.jpg,negative
477,,2339.jpg,negative
478,,2346.jpg,negative
479,,2347.jpg,negative
480,,2349.jpg,negative
481,,235.jpg,positive
482,,2352.jpg,negative
483,,2354.jpg,negative
484,,2361.jpg,negative
485,,2364.jpg,positive
486,,2365.jpg,negative
487,,2370.jpg,negative
488,,2376.jpg,negative
489,,238.jpg,negative
490,,2381.jpg,negative
491,,2382.jpg,negative
492,,2384.jpg,negative
493,,2385.jpg,negative
494,,2386.jpg,negative
495,,2390.jpg,negative
496,,2394.jpg,negative
497,,2398.jpg,negative
498,,2399.jpg,negative
499,,2400.jpg,negative
500,,2401.jpg,negative
501,,2404.jpg,positive
502,,2405.jpg,positive
503,,2406.jpg,positive
504,,2408.jpg,negative
505,,2423.jpg,negative
506,,2426.jpg,negative
507,,2434.jpg,negative
508,,2437.jpg,negative
509,,2438.jpg,negative
510,,2439.jpg,negative
511,,2440.jpg,negative
512,,2443.jpg,negative
513,,2445.jpg,negative
514,,2446.jpg,positive
515,,2447.jpg,negative
516,,2448.jpg,positive
517,,245.jpg,negative
518,,2453.jpg,negative
519,,2456.jpg,negative
520,,2461.jpg,negative
521,,2463.jpg,negative
522,,2464.jpg,negative
523,,247.jpg,negative
524,,2470.jpg,negative
525,,2472.jpg,negative
526,,2476.jpg,negative
527,,248.jpg,negative
528,,2482.jpg,negative
529,,2486.jpg,negative
530,,2488.jpg,negative
531,,2489.jpg,negative
532,,249.jpg,negative
533,,2490.jpg,negative
534,,2493.jpg,negative
535,,2499.jpg,negative
536,,25.jpg,negative
537,,2501.jpg,negative
538,,2502.jpg,negative
539,,2504.jpg,negative
540,,2505.jpg,positive
541,,2512.jpg,negative
542,,2514.jpg,negative
543,,2516.jpg,negative
544,,2520.jpg,negative
545,,2521.jpg,negative
546,,2523.jpg,negative
547,,2525.jpg,negative
548,,2527.jpg,negative
549,,2528.jpg,negative
550,,2537.jpg,negative
551,,254.jpg,negative
552,,2546.jpg,negative
553,,2549.jpg,negative
554,,2552.jpg,negative
555,,2553.jpg,negative
556,,2554.jpg,negative
557,,2555.jpg,negative
558,,2556.jpg,negative
559,,2557.jpg,negative
560,,2559.jpg,negative
561,,256.jpg,negative
562,,2562.jpg,negative
563,,2566.jpg,negative
564,,2567.jpg,negative
565,,2568.jpg,positive
566,,2573.jpg,negative
567,,2574.jpg,negative
568,,2577.jpg,negative
569,,2578.jpg,negative
570,,2580.jpg,negative
571,,2582.jpg,negative
572,,2584.jpg,negative
573,,2585.jpg,negative
574,,259.jpg,negative
575,,2591.jpg,negative
576,,26.jpg,positive
577,,260.jpg,negative
578,,2600.jpg,negative
579,,2604.jpg,negative
580,,2609.jpg,negative
581,,2610.jpg,positive
582,,2614.jpg,negative
583,,2615.jpg,negative
584,,2623.jpg,negative
585,,2629.jpg,negative
586,,2632.jpg,negative
587,,2633.jpg,positive
588,,2634.jpg,negative
589,,2635.jpg,negative
590,,2636.jpg,negative
591,,2640.jpg,negative
592,,2644.jpg,positive
593,,2645.jpg,positive
594,,2648.jpg,negative
595,,2649.jpg,negative
596,,2650.jpg,negative
597,,2653.jpg,negative
598,,2658.jpg,negative
599,,2661.jpg,negative
600,,2663.jpg,positive
601,,2665.jpg,positive
602,,2666.jpg,negative
603,,2668.jpg,positive
604,,2670.jpg,positive
605,,2673.jpg,negative
606,,2677.jpg,negative
607,,2678.jpg,negative
608,,2679.jpg,negative
609,,2680.jpg,negative
610,,2681.jpg,negative
611,,2682.jpg,negative
612,,2688.jpg,negative
613,,2690.jpg,negative
614,,2692.jpg,negative
615,,2693.jpg,negative
616,,2699.jpg,negative
617,,270.jpg,negative
618,,2702.jpg,negative
619,,2708.jpg,negative
620,,271.jpg,negative
621,,2710.jpg,negative
622,,2715.jpg,negative
623,,2717.jpg,negative
624,,2718.jpg,negative
625,,2720.jpg,negative
626,,2723.jpg,negative
627,,2726.jpg,negative
628,,2727.jpg,negative
629,,273.jpg,negative
630,,2737.jpg,negative
631,,2740.jpg,negative
632,,2744.jpg,negative
633,,2747.jpg,negative
634,,2748.jpg,negative
635,,275.jpg,negative
636,,2752.jpg,negative
637,,2753.jpg,negative
638,,2756.jpg,negative
639,,2758.jpg,negative
640,,2766.jpg,negative
641,,2767.jpg,negative
642,,2768.jpg,negative
643,,2769.jpg,negative
644,,2771.jpg,negative
645,,2772.jpg,negative
646,,2781.jpg,negative
647,,279.jpg,negative
648,,2790.jpg,negative
649,,2793.jpg,negative
650,,2794.jpg,negative
651,,2801.jpg,positive
652,,2803.jpg,negative
653,,2804.jpg,negative
654,,2808.jpg,negative
655,,2810.jpg,positive
656,,2813.jpg,negative
657,,2817.jpg,negative
658,,2819.jpg,negative
659,,282.jpg,positive
660,,2821.jpg,negative
661,,2824.jpg,negative
662,,2826.jpg,negative
663,,2827.jpg,negative
664,,2828.jpg,negative
665,,2830.jpg,negative
666,,2832.jpg,negative
667,,2833.jpg,negative
668,,2838.jpg,negative
669,,284.jpg,negative
670,,2841.jpg,negative
671,,2842.jpg,positive
672,,2847.jpg,negative
673,,285.jpg,positive
674,,2851.jpg,negative
675,,2853.jpg,negative
676,,2854.jpg,negative
677,,2857.jpg,negative
678,,2858.jpg,negative
679,,2860.jpg,negative
680,,2865.jpg,negative
681,,2867.jpg,negative
682,,2872.jpg,positive
683,,2875.jpg,negative
684,,2878.jpg,negative
685,,288.jpg,negative
686,,2880.jpg,negative
687,,2884.jpg,negative
688,,2885.jpg,negative
689,,2888.jpg,negative
690,,2889.jpg,negative
691,,2890.jpg,negative
692,,2891.jpg,negative
693,,2894.jpg,negative
694,,2896.jpg,negative
695,,2898.jpg,negative
696,,29.jpg,negative
697,,290.jpg,negative
698,,2901.jpg,negative
699,,2904.jpg,negative
700,,2905.jpg,negative
701,,2910.jpg,negative
702,,2911.jpg,negative
703,,2915.jpg,negative
704,,2917.jpg,negative
705,,2918.jpg,negative
706,,2919.jpg,negative
707,,292.jpg,negative
708,,2923.jpg,negative
709,,2927.jpg,negative
710,,2928.jpg,negative
711,,2935.jpg,negative
712,,2936.jpg,negative
713,,2938.jpg,negative
714,,294.jpg,negative
715,,2942.jpg,negative
716,,2944.jpg,negative
717,,2946.jpg,negative
718,,2948.jpg,negative
719,,2949.jpg,positive
720,,295.jpg,negative
721,,2950.jpg,negative
722,,2951.jpg,negative
723,,2954.jpg,negative
724,,2956.jpg,negative
725,,2957.jpg,negative
726,,2958.jpg,negative
727,,2960.jpg,negative
728,,2962.jpg,negative
729,,2969.jpg,negative
730,,2971.jpg,negative
731,,2974.jpg,positive
732,,2977.jpg,negative
733,,2979.jpg,negative
734,,2980.jpg,negative
735,,2981.jpg,negative
736,,2996.jpg,negative
737,,3.jpg,negative
738,,300.jpg,positive
739,,3008.jpg,negative
740,,3010.jpg,negative
741,,3012.jpg,negative
742,,3013.jpg,negative
743,,3017.jpg,negative
744,,3018.jpg,negative
745,,3019.jpg,negative
746,,3020.jpg,negative
747,,3026.jpg,negative
748,,3027.jpg,negative
749,,3028.jpg,negative
750,,303.jpg,negative
751,,3032.jpg,negative
752,,3035.jpg,negative
753,,3037.jpg,negative
754,,3041.jpg,negative
755,,3043.jpg,negative
756,,3045.jpg,negative
757,,3049.jpg,negative
758,,305.jpg,negative
759,,3051.jpg,negative
760,,3054.jpg,positive
761,,3057.jpg,negative
762,,3058.jpg,negative
763,,3059.jpg,negative
764,,3061.jpg,negative
765,,3062.jpg,positive
766,,3065.jpg,positive
767,,3066.jpg,negative
768,,3069.jpg,negative
769,,3071.jpg,negative
770,,3073.jpg,negative
771,,3076.jpg,positive
772,,3080.jpg,positive
773,,3081.jpg,negative
774,,3086.jpg,negative
775,,3087.jpg,negative
776,,3089.jpg,positive
777,,3091.jpg,negative
778,,3095.jpg,negative
779,,3098.jpg,negative
780,,3104.jpg,negative
781,,3106.jpg,negative
782,,311.jpg,negative
783,,3112.jpg,negative
784,,3113.jpg,positive
785,,3115.jpg,negative
786,,3118.jpg,negative
787,,3126.jpg,negative
788,,3132.jpg,negative
789,,3133.jpg,positive
790,,3136.jpg,negative
791,,314.jpg,positive
792,,3141.jpg,negative
793,,3143.jpg,negative
794,,3146.jpg,negative
795,,3150.jpg,positive
796,,3151.jpg,negative
797,,3154.jpg,negative
798,,3155.jpg,negative
799,,3157.jpg,negative
800,,3158.jpg,negative
801,,3159.jpg,negative
802,,3166.jpg,positive
803,,317.jpg,negative
804,,3171.jpg,negative
805,,3173.jpg,negative
806,,3175.jpg,negative
807,,3177.jpg,negative
808,,318.jpg,positive
809,,3180.jpg,negative
810,,3184.jpg,negative
811,,3187.jpg,negative
812,,3188.jpg,negative
813,,3190.jpg,negative
814,,3193.jpg,negative
815,,3195.jpg,positive
816,,3196.jpg,negative
817,,3197.jpg,negative
818,,3200.jpg,negative
819,,3204.jpg,negative
820,,3205.jpg,negative
821,,321.jpg,negative
822,,3214.jpg,positive
823,,3218.jpg,negative
824,,322.jpg,negative
825,,3220.jpg,negative
826,,3221.jpg,negative
827,,3224.jpg,negative
828,,3225.jpg,negative
829,,3226.jpg,negative
830,,3227.jpg,negative
831,,3230.jpg,negative
832,,3231.jpg,positive
833,,3236.jpg,negative
834,,324.jpg,negative
835,,3243.jpg,negative
836,,3245.jpg,negative
837,,3249.jpg,negative
838,,3251.jpg,positive
839,,3253.jpg,positive
840,,3256.jpg,negative
841,,3259.jpg,negative
842,,3260.jpg,negative
843,,3261.jpg,negative
844,,3264.jpg,negative
845,,3265.jpg,negative
846,,3269.jpg,negative
847,,3272.jpg,negative
848,,3273.jpg,negative
849,,3274.jpg,negative
850,,3275.jpg,negative
851,,3278.jpg,negative
852,,3282.jpg,negative
853,,3285.jpg,positive
854,,3289.jpg,negative
855,,3294.jpg,negative
856,,3295.jpg,negative
857,,3298.jpg,negative
858,,3299.jpg,negative
859,,33.jpg,negative
860,,3300.jpg,negative
861,,3301.jpg,negative
862,,3305.jpg,negative
863,,3307.jpg,negative
864,,3308.jpg,negative
865,,3310.jpg,negative
866,,3314.jpg,negative
867,,3315.jpg,negative
868,,3316.jpg,positive
869,,3317.jpg,negative
870,,3318.jpg,negative
871,,3323.jpg,negative
872,,3324.jpg,negative
873,,3325.jpg,negative
874,,3326.jpg,negative
875,,333.jpg,positive
876,,3331.jpg,negative
877,,3334.jpg,negative
878,,3340.jpg,negative
879,,3341.jpg,negative
880,,3346.jpg,negative
881,,3351.jpg,negative
882,,3357.jpg,negative
883,,336.jpg,negative
884,,3361.jpg,negative
885,,3362.jpg,negative
886,,3363.jpg,negative
887,,3364.jpg,negative
888,,3365.jpg,negative
889,,3367.jpg,negative
890,,3372.jpg,negative
891,,3375.jpg,positive
892,,3378.jpg,negative
893,,3381.jpg,negative
894,,3388.jpg,negative
895,,339.jpg,negative
896,,3391.jpg,negative
897,,3395.jpg,negative
898,,3399.jpg,negative
899,,34.jpg,negative
900,,340.jpg,negative
901,,3400.jpg,negative
902,,3401.jpg,negative
903,,3408.jpg,negative
904,,3409.jpg,negative
905,,3410.jpg,negative
906,,3411.jpg,negative
907,,3413.jpg,negative
908,,3417.jpg,negative
909,,342.jpg,negative
910,,3420.jpg,negative
911,,3421.jpg,negative
912,,3423.jpg,negative
913,,3429.jpg,negative
914,,3434.jpg,negative
915,,3437.jpg,negative
916,,3439.jpg,negative
917,,3440.jpg,negative
918,,3448.jpg,negative
919,,345.jpg,negative
920,,3451.jpg,negative
921,,3456.jpg,negative
922,,346.jpg,negative
923,,3460.jpg,negative
924,,3461.jpg,positive
925,,3465.jpg,negative
926,,347.jpg,positive
927,,3475.jpg,negative
928,,3476.jpg,positive
929,,3478.jpg,positive
930,,3479.jpg,negative
931,,348.jpg,negative
932,,3482.jpg,negative
933,,3487.jpg,negative
934,,3488.jpg,negative
935,,3489.jpg,negative
936,,3491.jpg,negative
937,,3492.jpg,negative
938,,3493.jpg,negative
939,,3496.jpg,negative
940,,3504.jpg,negative
941,,3506.jpg,negative
942,,3507.jpg,negative
943,,3508.jpg,negative
944,,3510.jpg,negative
945,,3513.jpg,negative
946,,3514.jpg,negative
947,,3515.jpg,negative
948,,3517.jpg,positive
949,,3519.jpg,negative
950,,3520.jpg,negative
951,,3522.jpg,negative
952,,3525.jpg,negative
953,,3526.jpg,negative
954,,3528.jpg,negative
955,,3530.jpg,negative
956,,3532.jpg,positive
957,,3533.jpg,negative
958,,3537.jpg,negative
959,,354.jpg,negative
960,,3541.jpg,negative
961,,3542.jpg,negative
962,,3544.jpg,negative
963,,3546.jpg,negative
964,,3549.jpg,negative
965,,3550.jpg,negative
966,,3553.jpg,negative
967,,3555.jpg,negative
968,,3559.jpg,negative
969,,356.jpg,negative
970,,3562.jpg,negative
971,,3565.jpg,negative
972,,357.jpg,negative
973,,3574.jpg,positive
974,,3580.jpg,positive
975,,3582.jpg,negative
976,,3585.jpg,negative
977,,3586.jpg,negative
978,,3588.jpg,negative
979,,359.jpg,positive
980,,3592.jpg,negative
981,,3597.jpg,negative
982,,3598.jpg,positive
983,,3599.jpg,positive
984,,360.jpg,positive
985,,3602.jpg,positive
986,,3605.jpg,negative
987,,3607.jpg,negative
988,,362.jpg,negative
989,,3620.jpg,positive
990,,3621.jpg,positive
991,,3627.jpg,negative
992,,3630.jpg,negative
993,,3633.jpg,negative
994,,3634.jpg,negative
995,,3637.jpg,negative
996,,3638.jpg,negative
997,,3639.jpg,negative
998,,3642.jpg,negative
999,,3648.jpg,negative
1000,,365.jpg,negative
1001,,3652.jpg,negative
1002,,3658.jpg,negative
1003,,3659.jpg,negative
1004,,366.jpg,negative
1005,,3660.jpg,negative
1006,,3665.jpg,negative
1007,,3667.jpg,positive
1008,,3669.jpg,negative
1009,,3679.jpg,negative
1010,,3683.jpg,positive
1011,,369.jpg,negative
1012,,3690.jpg,negative
1013,,3692.jpg,negative
1014,,3695.jpg,negative
1015,,3696.jpg,negative
1016,,3698.jpg,negative
1017,,3704.jpg,negative
1018,,3705.jpg,negative
1019,,3706.jpg,negative
1020,,371.jpg,negative
1021,,3710.jpg,negative
1022,,3711.jpg,positive
1023,,3715.jpg,negative
1024,,372.jpg,negative
1025,,3723.jpg,negative
1026,,3726.jpg,negative
1027,,373.jpg,negative
1028,,3730.jpg,negative
1029,,3735.jpg,negative
1030,,3736.jpg,negative
1031,,3737.jpg,negative
1032,,3738.jpg,negative
1033,,3739.jpg,negative
1034,,3744.jpg,negative
1035,,3745.jpg,positive
1036,,3746.jpg,negative
1037,,3748.jpg,positive
1038,,3749.jpg,negative
1039,,3750.jpg,negative
1040,,3751.jpg,negative
1041,,3753.jpg,negative
1042,,3754.jpg,negative
1043,,3756.jpg,negative
1044,,3758.jpg,negative
1045,,376.jpg,negative
1046,,3770.jpg,negative
1047,,3774.jpg,positive
1048,,3779.jpg,negative
1049,,3780.jpg,negative
1050,,3781.jpg,negative
1051,,3782.jpg,positive
1052,,3784.jpg,negative
1053,,3787.jpg,negative
1054,,3798.jpg,negative
1055,,3800.jpg,negative
1056,,3803.jpg,negative
1057,,3809.jpg,negative
1058,,3814.jpg,negative
1059,,3815.jpg,positive
1060,,3816.jpg,negative
1061,,3818.jpg,negative
1062,,3824.jpg,negative
1063,,3826.jpg,negative
1064,,3827.jpg,negative
1065,,3828.jpg,negative
1066,,3830.jpg,negative
1067,,3831.jpg,negative
1068,,3836.jpg,negative
1069,,3839.jpg,negative
1070,,384.jpg,negative
1071,,3842.jpg,negative
1072,,385.jpg,positive
1073,,3853.jpg,negative
1074,,3855.jpg,negative
1075,,3856.jpg,negative
1076,,3857.jpg,negative
1077,,3858.jpg,negative
1078,,386.jpg,negative
1079,,3862.jpg,positive
1080,,3864.jpg,negative
1081,,3874.jpg,negative
1082,,3876.jpg,negative
1083,,3878.jpg,negative
1084,,3883.jpg,positive
1085,,3888.jpg,negative
1086,,3890.jpg,negative
1087,,3892.jpg,negative
1088,,3896.jpg,negative
1089,,3897.jpg,negative
1090,,39.jpg,negative
1091,,390.jpg,negative
1092,,3904.jpg,negative
1093,,3908.jpg,negative
1094,,3911.jpg,negative
1095,,3922.jpg,negative
1096,,3924.jpg,negative
1097,,3925.jpg,negative
1098,,3926.jpg,negative
1099,,3929.jpg,negative
1100,,3931.jpg,negative
1101,,3932.jpg,negative
1102,,3933.jpg,negative
1103,,394.jpg,negative
1104,,3940.jpg,negative
1105,,395.jpg,negative
1106,,3953.jpg,negative
1107,,396.jpg,negative
1108,,3960.jpg,negative
1109,,3963.jpg,negative
1110,,3969.jpg,negative
1111,,397.jpg,negative
1112,,3970.jpg,negative
1113,,3976.jpg,negative
1114,,3978.jpg,negative
1115,,3996.jpg,negative
1116,,3997.jpg,negative
1117,,3999.jpg,negative
1118,,40.jpg,negative
1119,,4000.jpg,negative
1120,,4001.jpg,negative
1121,,4003.jpg,positive
1122,,4005.jpg,negative
1123,,4006.jpg,positive
1124,,4015.jpg,negative
1125,,4018.jpg,negative
1126,,4019.jpg,negative
1127,,4020.jpg,positive
1128,,4021.jpg,negative
1129,,4023.jpg,negative
1130,,4024.jpg,negative
1131,,4027.jpg,positive
1132,,4029.jpg,negative
1133,,4038.jpg,positive
1134,,4039.jpg,positive
1135,,4041.jpg,negative
1136,,4043.jpg,negative
1137,,4044.jpg,negative
1138,,4049.jpg,negative
1139,,4050.jpg,negative
1140,,4051.jpg,negative
1141,,4055.jpg,negative
1142,,4057.jpg,negative
1143,,4059.jpg,negative
1144,,406.jpg,positive
1145,,4061.jpg,negative
1146,,4064.jpg,negative
1147,,4065.jpg,negative
1148,,4076.jpg,negative
1149,,4078.jpg,negative
1150,,4080.jpg,negative
1151,,4083.jpg,negative
1152,,4084.jpg,negative
1153,,4085.jpg,negative
1154,,4086.jpg,negative
1155,,4087.jpg,negative
1156,,4088.jpg,negative
1157,,409.jpg,negative
1158,,4098.jpg,negative
1159,,4099.jpg,negative
1160,,4100.jpg,negative
1161,,4101.jpg,negative
1162,,4102.jpg,negative
1163,,4104.jpg,negative
1164,,4105.jpg,positive
1165,,4107.jpg,negative
1166,,4109.jpg,negative
1167,,4110.jpg,positive
1168,,4114.jpg,negative
1169,,4115.jpg,negative
1170,,4124.jpg,negative
1171,,4126.jpg,negative
1172,,4129.jpg,negative
1173,,4130.jpg,negative
1174,,4133.jpg,negative
1175,,4134.jpg,negative
1176,,4141.jpg,positive
1177,,4142.jpg,negative
1178,,4149.jpg,positive
1179,,415.jpg,negative
1180,,416.jpg,negative
1181,,4160.jpg,negative
1182,,4161.jpg,negative
1183,,4167.jpg,negative
1184,,4168.jpg,negative
1185,,4169.jpg,negative
1186,,4171.jpg,positive
1187,,4172.jpg,negative
1188,,4173.jpg,negative
1189,,4175.jpg,negative
1190,,4176.jpg,negative
1191,,4179.jpg,negative
1192,,4180.jpg,negative
1193,,4184.jpg,negative
1194,,4185.jpg,negative
1195,,4187.jpg,negative
1196,,419.jpg,negative
1197,,4191.jpg,negative
1198,,4195.jpg,positive
1199,,4196.jpg,negative
1200,,4198.jpg,negative
1201,,42.jpg,positive
1202,,4201.jpg,negative
1203,,4205.jpg,positive
1204,,4207.jpg,negative
1205,,4210.jpg,negative
1206,,4213.jpg,negative
1207,,4216.jpg,positive
1208,,4219.jpg,negative
1209,,4221.jpg,negative
1210,,4222.jpg,negative
1211,,4224.jpg,negative
1212,,4227.jpg,negative
1213,,4231.jpg,negative
1214,,4235.jpg,negative
1215,,4236.jpg,negative
1216,,4238.jpg,negative
1217,,4242.jpg,negative
1218,,4246.jpg,positive
1219,,425.jpg,negative
1220,,4250.jpg,positive
1221,,4252.jpg,negative
1222,,4253.jpg,positive
1223,,4255.jpg,negative
1224,,4256.jpg,negative
1225,,4258.jpg,negative
1226,,426.jpg,negative
1227,,4262.jpg,positive
1228,,4263.jpg,negative
1229,,4265.jpg,negative
1230,,4266.jpg,negative
1231,,4267.jpg,negative
1232,,4270.jpg,negative
1233,,4273.jpg,negative
1234,,4274.jpg,negative
1235,,4275.jpg,negative
1236,,4276.jpg,positive
1237,,4279.jpg,positive
1238,,4281.jpg,negative
1239,,4283.jpg,negative
1240,,4285.jpg,negative
1241,,4286.jpg,negative
1242,,4293.jpg,negative
1243,,4295.jpg,negative
1244,,4296.jpg,positive
1245,,43.jpg,negative
1246,,4302.jpg,negative
1247,,4307.jpg,negative
1248,,4308.jpg,negative
1249,,431.jpg,negative
1250,,4315.jpg,negative
1251,,4316.jpg,negative
1252,,4321.jpg,negative
1253,,4323.jpg,negative
1254,,4326.jpg,negative
1255,,4336.jpg,positive
1256,,4338.jpg,negative
1257,,4339.jpg,negative
1258,,4341.jpg,negative
1259,,4345.jpg,negative
1260,,4347.jpg,positive
1261,,4349.jpg,negative
1262,,435.jpg,negative
1263,,4352.jpg,negative
1264,,4354.jpg,positive
1265,,4355.jpg,negative
1266,,4359.jpg,negative
1267,,4360.jpg,negative
1268,,4361.jpg,negative
1269,,4364.jpg,negative
1270,,4367.jpg,negative
1271,,4373.jpg,negative
1272,,4374.jpg,negative
1273,,4378.jpg,negative
1274,,438.jpg,negative
1275,,4382.jpg,negative
1276,,4393.jpg,positive
1277,,4395.jpg,negative
1278,,4396.jpg,negative
1279,,4397.jpg,negative
1280,,4398.jpg,negative
1281,,4399.jpg,positive
1282,,440.jpg,negative
1283,,4402.jpg,negative
1284,,4405.jpg,negative
1285,,4409.jpg,negative
1286,,4411.jpg,negative
1287,,4412.jpg,negative
1288,,4414.jpg,negative
1289,,4416.jpg,negative
1290,,4417.jpg,negative
1291,,4418.jpg,negative
1292,,4420.jpg,negative
1293,,4422.jpg,negative
1294,,4423.jpg,negative
1295,,4425.jpg,negative
1296,,4428.jpg,negative
1297,,4429.jpg,negative
1298,,443.jpg,negative
1299,,4434.jpg,positive
1300,,4436.jpg,negative
1301,,4441.jpg,negative
1302,,4443.jpg,negative
1303,,4446.jpg,negative
1304,,4447.jpg,negative
1305,,4448.jpg,negative
1306,,4452.jpg,negative
1307,,4454.jpg,negative
1308,,446.jpg,negative
1309,,4468.jpg,negative
1310,,447.jpg,negative
1311,,4473.jpg,negative
1312,,4474.jpg,positive
1313,,4475.jpg,negative
1314,,4478.jpg,negative
1315,,4479.jpg,negative
1316,,4481.jpg,negative
1317,,4484.jpg,negative
1318,,4485.jpg,negative
1319,,4495.jpg,negative
1320,,4498.jpg,positive
1321,,4500.jpg,negative
1322,,4502.jpg,negative
1323,,4508.jpg,negative
1324,,4510.jpg,negative
1325,,4515.jpg,negative
1326,,452.jpg,positive
1327,,4520.jpg,negative
1328,,4525.jpg,negative
1329,,4526.jpg,negative
1330,,4527.jpg,negative
1331,,4528.jpg,negative
1332,,4529.jpg,negative
1333,,453.jpg,negative
1334,,4531.jpg,negative
1335,,4536.jpg,positive
1336,,4537.jpg,negative
1337,,4542.jpg,positive
1338,,4548.jpg,positive
1339,,455.jpg,positive
1340,,4553.jpg,negative
1341,,4557.jpg,negative
1342,,4560.jpg,negative
1343,,4564.jpg,negative
1344,,4568.jpg,negative
1345,,4574.jpg,negative
1346,,4576.jpg,negative
1347,,4578.jpg,negative
1348,,458.jpg,negative
1349,,4580.jpg,negative
1350,,4585.jpg,negative
1351,,459.jpg,negative
1352,,4590.jpg,negative
1353,,4591.jpg,negative
1354,,4592.jpg,negative
1355,,4594.jpg,positive
1356,,4595.jpg,negative
1357,,4598.jpg,negative
1358,,46.jpg,positive
1359,,460.jpg,negative
1360,,4605.jpg,negative
1361,,4607.jpg,negative
1362,,4609.jpg,negative
1363,,4611.jpg,negative
1364,,4612.jpg,negative
1365,,4613.jpg,negative
1366,,4618.jpg,positive
1367,,462.jpg,negative
1368,,4620.jpg,negative
1369,,4623.jpg,positive
1370,,4627.jpg,negative
1371,,4630.jpg,negative
1372,,4632.jpg,positive
1373,,4633.jpg,negative
1374,,4636.jpg,negative
1375,,4639.jpg,negative
1376,,4645.jpg,negative
1377,,4652.jpg,negative
1378,,4653.jpg,negative
1379,,4657.jpg,negative
1380,,4664.jpg,positive
1381,,4665.jpg,negative
1382,,4669.jpg,positive
1383,,4673.jpg,negative
1384,,4678.jpg,negative
1385,,468.jpg,negative
1386,,4681.jpg,negative
1387,,4684.jpg,negative
1388,,4686.jpg,negative
1389,,4688.jpg,negative
1390,,4689.jpg,negative
1391,,4690.jpg,negative
1392,,4691.jpg,negative
1393,,4697.jpg,negative
1394,,47.jpg,negative
1395,,4701.jpg,negative
1396,,4702.jpg,negative
1397,,4703.jpg,positive
1398,,4710.jpg,negative
1399,,4712.jpg,negative
1400,,4714.jpg,negative
1401,,4716.jpg,negative
1402,,4719.jpg,negative
1403,,472.jpg,negative
1404,,4721.jpg,negative
1405,,4722.jpg,positive
1406,,4723.jpg,positive
1407,,4725.jpg,negative
1408,,4734.jpg,negative
1409,,4735.jpg,negative
1410,,4740.jpg,negative
1411,,4741.jpg,negative
1412,,4742.jpg,negative
1413,,4743.jpg,negative
1414,,4745.jpg,negative
1415,,4749.jpg,negative
1416,,4753.jpg,negative
1417,,4757.jpg,negative
1418,,4759.jpg,negative
1419,,4764.jpg,negative
1420,,4767.jpg,negative
1421,,4770.jpg,negative
1422,,4772.jpg,negative
1423,,4774.jpg,negative
1424,,4782.jpg,positive
1425,,4784.jpg,negative
1426,,4785.jpg,negative
1427,,4789.jpg,positive
1428,,4794.jpg,positive
1429,,4796.jpg,negative
1430,,4801.jpg,negative
1431,,4804.jpg,negative
1432,,4809.jpg,negative
1433,,4810.jpg,negative
1434,,4811.jpg,negative
1435,,4813.jpg,negative
1436,,4819.jpg,negative
1437,,4823.jpg,negative
1438,,4825.jpg,positive
1439,,4826.jpg,negative
1440,,4827.jpg,negative
1441,,4829.jpg,positive
1442,,483.jpg,positive
1443,,4830.jpg,negative
1444,,4832.jpg,positive
1445,,4839.jpg,negative
1446,,4840.jpg,negative
1447,,4841.jpg,negative
1448,,4842.jpg,negative
1449,,4846.jpg,negative
1450,,4851.jpg,negative
1451,,4852.jpg,positive
1452,,4855.jpg,negative
1453,,4861.jpg,negative
1454,,4862.jpg,negative
1455,,4865.jpg,negative
1456,,4869.jpg,negative
1457,,4870.jpg,negative
1458,,4871.jpg,negative
1459,,4873.jpg,negative
1460,,4876.jpg,negative
1461,,4878.jpg,positive
1462,,4881.jpg,negative
1463,,4884.jpg,negative
1464,,4886.jpg,positive
1465,,4888.jpg,positive
1466,,4889.jpg,negative
1467,,489.jpg,positive
1468,,4892.jpg,negative
1469,,4893.jpg,negative
1470,,4894.jpg,negative
1471,,490.jpg,negative
1472,,4900.jpg,negative
1473,,4907.jpg,positive
1474,,4916.jpg,positive
1475,,4917.jpg,negative
1476,,4918.jpg,negative
1477,,492.jpg,positive
1478,,4922.jpg,negative
1479,,4923.jpg,positive
1480,,4924.jpg,positive
1481,,4927.jpg,negative
1482,,493.jpg,negative
1483,,4930.jpg,negative
1484,,4932.jpg,negative
1485,,4933.jpg,positive
1486,,4938.jpg,negative
1487,,4939.jpg,positive
1488,,4941.jpg,negative
1489,,4942.jpg,positive
1490,,4945.jpg,negative
1491,,4947.jpg,negative
1492,,4948.jpg,negative
1493,,4950.jpg,negative
1494,,4952.jpg,positive
1495,,4954.jpg,negative
1496,,4955.jpg,negative
1497,,4959.jpg,negative
1498,,4962.jpg,negative
1499,,4964.jpg,negative
1500,,4971.jpg,negative
1501,,4972.jpg,negative
1502,,4973.jpg,negative
1503,,4974.jpg,positive
1504,,4981.jpg,negative
1505,,4986.jpg,negative
1506,,4987.jpg,negative
1507,,4989.jpg,positive
1508,,4991.jpg,negative
1509,,4994.jpg,positive
1510,,4995.jpg,negative
1511,,4998.jpg,negative
1512,,5.jpg,negative
1513,,50.jpg,positive
1514,,5000.jpg,negative
1515,,5003.jpg,negative
1516,,5005.jpg,negative
1517,,5010.jpg,negative
1518,,5012.jpg,negative
1519,,5018.jpg,negative
1520,,5020.jpg,negative
1521,,5021.jpg,negative
1522,,5025.jpg,negative
1523,,503.jpg,negative
1524,,5035.jpg,positive
1525,,5038.jpg,negative
1526,,5041.jpg,negative
1527,,5052.jpg,negative
1528,,5053.jpg,negative
1529,,5055.jpg,negative
1530,,5056.jpg,negative
1531,,5057.jpg,negative
1532,,5059.jpg,negative
1533,,5061.jpg,positive
1534,,5062.jpg,negative
1535,,5063.jpg,positive
1536,,5065.jpg,negative
1537,,5066.jpg,negative
1538,,5068.jpg,negative
1539,,5073.jpg,negative
1540,,5074.jpg,negative
1541,,5079.jpg,negative
1542,,5082.jpg,negative
1543,,5083.jpg,negative
1544,,5084.jpg,negative
1545,,5085.jpg,negative
1546,,5086.jpg,negative
1547,,5088.jpg,positive
1548,,5093.jpg,negative
1549,,5094.jpg,negative
1550,,51.jpg,positive
1551,,510.jpg,negative
1552,,5100.jpg,negative
1553,,5105.jpg,negative
1554,,5106.jpg,positive
1555,,5108.jpg,negative
1556,,5111.jpg,negative
1557,,5112.jpg,positive
1558,,5114.jpg,positive
1559,,5115.jpg,positive
1560,,5116.jpg,negative
1561,,5120.jpg,negative
1562,,5131.jpg,negative
1563,,5133.jpg,negative
1564,,5135.jpg,negative
1565,,5137.jpg,negative
1566,,514.jpg,negative
1567,,5140.jpg,negative
1568,,5149.jpg,negative
1569,,5151.jpg,negative
1570,,5152.jpg,negative
1571,,5158.jpg,negative
1572,,516.jpg,negative
1573,,5161.jpg,negative
1574,,5169.jpg,negative
1575,,5173.jpg,negative
1576,,518.jpg,positive
1577,,5180.jpg,negative
1578,,5181.jpg,negative
1579,,5182.jpg,negative
1580,,5185.jpg,negative
1581,,5191.jpg,negative
1582,,5195.jpg,negative
1583,,5197.jpg,negative
1584,,5198.jpg,positive
1585,,5199.jpg,positive
1586,,520.jpg,positive
1587,,5200.jpg,negative
1588,,5201.jpg,positive
1589,,5205.jpg,negative
1590,,5206.jpg,negative
1591,,5212.jpg,negative
1592,,5214.jpg,negative
1593,,5216.jpg,negative
1594,,5218.jpg,negative
1595,,5223.jpg,negative
1596,,5225.jpg,negative
1597,,5228.jpg,negative
1598,,523.jpg,negative
1599,,5230.jpg,positive
1600,,5231.jpg,negative
1601,,5235.jpg,negative
1602,,5237.jpg,negative
1603,,5240.jpg,negative
1604,,5241.jpg,negative
1605,,5244.jpg,negative
1606,,5245.jpg,negative
1607,,5247.jpg,negative
1608,,5248.jpg,negative
1609,,5252.jpg,negative
1610,,5255.jpg,negative
1611,,5259.jpg,negative
1612,,5263.jpg,negative
1613,,5265.jpg,negative
1614,,5266.jpg,negative
1615,,527.jpg,negative
1616,,5276.jpg,negative
1617,,5280.jpg,negative
1618,,5281.jpg,negative
1619,,5282.jpg,positive
1620,,5285.jpg,negative
1621,,5294.jpg,negative
1622,,5302.jpg,negative
1623,,5304.jpg,negative
1624,,5312.jpg,negative
1625,,5316.jpg,negative
1626,,5317.jpg,negative
1627,,532.jpg,negative
1628,,5325.jpg,negative
1629,,5326.jpg,negative
1630,,5330.jpg,negative
1631,,5333.jpg,negative
1632,,5337.jpg,negative
1633,,5339.jpg,negative
1634,,5342.jpg,negative
1635,,5349.jpg,positive
1636,,535.jpg,negative
1637,,5356.jpg,negative
1638,,5357.jpg,negative
1639,,5358.jpg,negative
1640,,5361.jpg,negative
1641,,5366.jpg,negative
1642,,5369.jpg,positive
1643,,5371.jpg,negative
1644,,5377.jpg,negative
1645,,5379.jpg,negative
1646,,5383.jpg,positive
1647,,5384.jpg,positive
1648,,5386.jpg,negative
1649,,5388.jpg,negative
1650,,5391.jpg,negative
1651,,5392.jpg,negative
1652,,5393.jpg,negative
1653,,5394.jpg,negative
1654,,5395.jpg,negative
1655,,54.jpg,positive
1656,,5401.jpg,negative
1657,,5404.jpg,negative
1658,,5409.jpg,negative
1659,,5416.jpg,negative
1660,,5421.jpg,negative
1661,,5425.jpg,negative
1662,,5427.jpg,negative
1663,,5433.jpg,negative
1664,,5434.jpg,negative
1665,,5448.jpg,negative
1666,,5453.jpg,negative
1667,,5456.jpg,negative
1668,,5458.jpg,negative
1669,,5462.jpg,negative
1670,,5475.jpg,negative
1671,,5477.jpg,negative
1672,,5478.jpg,negative
1673,,548.jpg,negative
1674,,5481.jpg,negative
1675,,5485.jpg,negative
1676,,549.jpg,negative
1677,,5490.jpg,negative
1678,,5491.jpg,negative
1679,,5492.jpg,negative
1680,,5494.jpg,negative
1681,,5495.jpg,negative
1682,,550.jpg,negative
1683,,5502.jpg,negative
1684,,5503.jpg,negative
1685,,5509.jpg,positive
1686,,5511.jpg,positive
1687,,5512.jpg,negative
1688,,5522.jpg,positive
1689,,5523.jpg,positive
1690,,5524.jpg,negative
1691,,5530.jpg,negative
1692,,5531.jpg,positive
1693,,5532.jpg,negative
1694,,5535.jpg,negative
1695,,5536.jpg,negative
1696,,5538.jpg,negative
1697,,554.jpg,negative
1698,,5548.jpg,negative
1699,,5549.jpg,positive
1700,,555.jpg,negative
1701,,5553.jpg,negative
1702,,5556.jpg,negative
1703,,5558.jpg,positive
1704,,5559.jpg,negative
1705,,5560.jpg,negative
1706,,5561.jpg,negative
1707,,5570.jpg,positive
1708,,5573.jpg,positive
1709,,5577.jpg,negative
1710,,5584.jpg,negative
1711,,559.jpg,negative
1712,,5594.jpg,negative
1713,,5597.jpg,negative
1714,,560.jpg,negative
1715,,5606.jpg,negative
1716,,5609.jpg,negative
1717,,561.jpg,negative
1718,,5611.jpg,negative
1719,,5612.jpg,negative
1720,,5615.jpg,positive
1721,,5618.jpg,positive
1722,,562.jpg,positive
1723,,5621.jpg,positive
1724,,5623.jpg,positive
1725,,5624.jpg,negative
1726,,5625.jpg,negative
1727,,5626.jpg,positive
1728,,5628.jpg,positive
1729,,5630.jpg,negative
1730,,5632.jpg,negative
1731,,5633.jpg,negative
1732,,5636.jpg,negative
1733,,5637.jpg,negative
1734,,5639.jpg,negative
1735,,5641.jpg,negative
1736,,5644.jpg,negative
1737,,5646.jpg,positive
1738,,5649.jpg,negative
1739,,565.jpg,negative
1740,,5657.jpg,negative
1741,,5658.jpg,negative
1742,,5663.jpg,positive
1743,,5665.jpg,negative
1744,,5668.jpg,negative
1745,,5669.jpg,negative
1746,,5681.jpg,positive
1747,,5683.jpg,negative
1748,,5685.jpg,negative
1749,,5686.jpg,positive
1750,,5690.jpg,negative
1751,,5691.jpg,positive
1752,,5697.jpg,positive
1753,,5698.jpg,negative
1754,,57.jpg,negative
1755,,5701.jpg,negative
1756,,5702.jpg,negative
1757,,5706.jpg,negative
1758,,5708.jpg,negative
1759,,5711.jpg,negative
1760,,5714.jpg,negative
1761,,5718.jpg,negative
1762,,5719.jpg,negative
1763,,572.jpg,negative
1764,,5720.jpg,negative
1765,,5722.jpg,negative
1766,,5731.jpg,negative
1767,,5736.jpg,negative
1768,,5737.jpg,negative
1769,,574.jpg,negative
1770,,5743.jpg,negative
1771,,5744.jpg,positive
1772,,5746.jpg,negative
1773,,5747.jpg,negative
1774,,5754.jpg,negative
1775,,5756.jpg,negative
1776,,5760.jpg,negative
1777,,5763.jpg,negative
1778,,5766.jpg,negative
1779,,5767.jpg,negative
1780,,5768.jpg,negative
1781,,5769.jpg,negative
1782,,5782.jpg,negative
1783,,5786.jpg,negative
1784,,5787.jpg,negative
1785,,5789.jpg,negative
1786,,5792.jpg,negative
1787,,5797.jpg,negative
1788,,5798.jpg,negative
1789,,5802.jpg,positive
1790,,5803.jpg,negative
1791,,5804.jpg,negative
1792,,5807.jpg,negative
1793,,5809.jpg,negative
1794,,581.jpg,negative
1795,,5813.jpg,positive
1796,,5815.jpg,positive
1797,,5822.jpg,negative
1798,,5823.jpg,negative
1799,,5830.jpg,negative
1800,,5836.jpg,negative
1801,,5837.jpg,negative
1802,,5841.jpg,negative
1803,,5844.jpg,negative
1804,,5848.jpg,positive
1805,,5849.jpg,negative
1806,,5854.jpg,negative
1807,,5858.jpg,positive
1808,,5859.jpg,negative
1809,,5860.jpg,negative
1810,,5861.jpg,negative
1811,,5864.jpg,negative
1812,,5865.jpg,negative
1813,,5867.jpg,negative
1814,,5878.jpg,negative
1815,,5879.jpg,negative
1816,,5880.jpg,negative
1817,,5882.jpg,negative
1818,,5885.jpg,negative
1819,,5886.jpg,negative
1820,,5887.jpg,negative
1821,,5888.jpg,negative
1822,,589.jpg,negative
1823,,5890.jpg,positive
1824,,5894.jpg,negative
1825,,5897.jpg,positive
1826,,5899.jpg,negative
1827,,59.jpg,negative
1828,,5900.jpg,positive
1829,,5903.jpg,negative
1830,,5907.jpg,negative
1831,,591.jpg,negative
1832,,5910.jpg,negative
1833,,5913.jpg,positive
1834,,5915.jpg,negative
1835,,5916.jpg,negative
1836,,5918.jpg,negative
1837,,5922.jpg,negative
1838,,5923.jpg,positive
1839,,5929.jpg,negative
1840,,593.jpg,negative
1841,,5930.jpg,negative
1842,,5931.jpg,negative
1843,,5934.jpg,positive
1844,,5941.jpg,negative
1845,,5942.jpg,positive
1846,,5944.jpg,negative
1847,,5948.jpg,positive
1848,,5952.jpg,negative
1849,,5953.jpg,positive
1850,,596.jpg,negative
1851,,5963.jpg,negative
1852,,5964.jpg,negative
1853,,5968.jpg,negative
1854,,5971.jpg,negative
1855,,5987.jpg,negative
1856,,5988.jpg,negative
1857,,5991.jpg,negative
1858,,600.jpg,negative
1859,,6002.jpg,positive
1860,,6007.jpg,negative
1861,,6010.jpg,negative
1862,,6018.jpg,negative
1863,,6019.jpg,negative
1864,,6020.jpg,negative
1865,,6023.jpg,positive
1866,,6024.jpg,negative
1867,,6025.jpg,negative
1868,,6026.jpg,negative
1869,,6028.jpg,negative
1870,,6030.jpg,negative
1871,,6033.jpg,negative
1872,,6038.jpg,negative
1873,,6040.jpg,negative
1874,,6044.jpg,negative
1875,,605.jpg,negative
1876,,6051.jpg,negative
1877,,6052.jpg,negative
1878,,6056.jpg,negative
1879,,6059.jpg,positive
1880,,6063.jpg,negative
1881,,6067.jpg,negative
1882,,6069.jpg,negative
1883,,6073.jpg,negative
1884,,6075.jpg,negative
1885,,6076.jpg,negative
1886,,6078.jpg,negative
1887,,608.jpg,negative
1888,,6085.jpg,negative
1889,,6087.jpg,negative
1890,,6089.jpg,negative
1891,,6090.jpg,negative
1892,,6094.jpg,positive
1893,,6096.jpg,negative
1894,,610.jpg,negative
1895,,6100.jpg,negative
1896,,6105.jpg,negative
1897,,6107.jpg,negative
1898,,6109.jpg,negative
1899,,611.jpg,negative
1900,,6110.jpg,negative
1901,,6112.jpg,negative
1902,,6117.jpg,negative
1903,,612.jpg,negative
1904,,6120.jpg,negative
1905,,6125.jpg,positive
1906,,613.jpg,positive
1907,,6130.jpg,negative
1908,,6131.jpg,negative
1909,,6132.jpg,negative
1910,,6133.jpg,negative
1911,,6135.jpg,negative
1912,,6136.jpg,positive
1913,,6138.jpg,negative
1914,,6140.jpg,negative
1915,,6141.jpg,positive
1916,,6143.jpg,negative
1917,,6144.jpg,negative
1918,,6145.jpg,negative
1919,,6147.jpg,negative
1920,,6156.jpg,negative
1921,,6158.jpg,negative
1922,,616.jpg,negative
1923,,6160.jpg,negative
1924,,617.jpg,negative
1925,,6171.jpg,positive
1926,,6173.jpg,negative
1927,,6174.jpg,negative
1928,,6177.jpg,negative
1929,,618.jpg,negative
1930,,6183.jpg,negative
1931,,6184.jpg,negative
1932,,6186.jpg,negative
1933,,619.jpg,negative
1934,,6193.jpg,negative
1935,,6194.jpg,negative
1936,,6196.jpg,negative
1937,,6197.jpg,negative
1938,,62.jpg,negative
1939,,620.jpg,negative
1940,,6200.jpg,negative
1941,,6204.jpg,negative
1942,,6206.jpg,negative
1943,,6208.jpg,negative
1944,,6209.jpg,positive
1945,,6212.jpg,negative
1946,,6213.jpg,negative
1947,,6214.jpg,negative
1948,,6216.jpg,negative
1949,,6221.jpg,negative
1950,,6225.jpg,positive
1951,,6227.jpg,negative
1952,,6228.jpg,negative
1953,,6240.jpg,negative
1954,,6245.jpg,negative
1955,,625.jpg,negative
1956,,6251.jpg,negative
1957,,6256.jpg,negative
1958,,6259.jpg,positive
1959,,626.jpg,negative
1960,,6260.jpg,negative
1961,,6264.jpg,negative
1962,,6265.jpg,negative
1963,,6267.jpg,negative
1964,,6274.jpg,negative
1965,,6275.jpg,negative
1966,,6287.jpg,negative
1967,,6289.jpg,negative
1968,,629.jpg,negative
1969,,6295.jpg,negative
1970,,6297.jpg,negative
1971,,6298.jpg,negative
1972,,63.jpg,negative
1973,,6301.jpg,negative
1974,,6305.jpg,negative
1975,,6307.jpg,negative
1976,,631.jpg,negative
1977,,6311.jpg,negative
1978,,6318.jpg,positive
1979,,6319.jpg,negative
1980,,6323.jpg,negative
1981,,6327.jpg,negative
1982,,6329.jpg,negative
1983,,6332.jpg,negative
1984,,6335.jpg,negative
1985,,6336.jpg,negative
1986,,6337.jpg,negative
1987,,6338.jpg,negative
1988,,634.jpg,negative
1989,,6344.jpg,negative
1990,,6350.jpg,negative
1991,,6352.jpg,negative
1992,,6354.jpg,positive
1993,,6355.jpg,negative
1994,,6357.jpg,negative
1995,,636.jpg,positive
1996,,6360.jpg,negative
1997,,6362.jpg,negative
1998,,637.jpg,negative
1999,,6370.jpg,negative
2000,,6371.jpg,negative
2001,,6373.jpg,negative
2002,,6374.jpg,negative
2003,,6377.jpg,negative
2004,,638.jpg,negative
2005,,6380.jpg,positive
2006,,6381.jpg,negative
2007,,6382.jpg,negative
2008,,6387.jpg,negative
2009,,6388.jpg,negative
2010,,6389.jpg,negative
2011,,639.jpg,negative
2012,,6390.jpg,negative
2013,,6391.jpg,negative
2014,,6395.jpg,negative
2015,,6396.jpg,negative
2016,,6398.jpg,negative
2017,,6399.jpg,negative
2018,,64.jpg,negative
2019,,6400.jpg,negative
2020,,6401.jpg,negative
2021,,6404.jpg,negative
2022,,6405.jpg,negative
2023,,6406.jpg,negative
2024,,641.jpg,negative
2025,,6413.jpg,negative
2026,,6424.jpg,negative
2027,,6426.jpg,negative
2028,,6427.jpg,negative
2029,,6433.jpg,negative
2030,,6434.jpg,negative
2031,,6438.jpg,positive
2032,,6445.jpg,positive
2033,,6446.jpg,negative
2034,,6447.jpg,negative
2035,,6450.jpg,negative
2036,,6451.jpg,negative
2037,,6457.jpg,negative
2038,,6458.jpg,negative
2039,,6460.jpg,negative
2040,,6463.jpg,negative
2041,,6466.jpg,positive
2042,,6468.jpg,negative
2043,,6473.jpg,negative
2044,,6475.jpg,negative
2045,,6476.jpg,positive
2046,,6477.jpg,negative
2047,,6478.jpg,negative
2048,,648.jpg,negative
2049,,6480.jpg,positive
2050,,6481.jpg,negative
2051,,6488.jpg,negative
2052,,649.jpg,positive
2053,,6494.jpg,negative
2054,,6495.jpg,negative
2055,,6498.jpg,negative
2056,,6505.jpg,negative
2057,,6512.jpg,negative
2058,,6519.jpg,negative
2059,,6529.jpg,negative
2060,,6530.jpg,negative
2061,,6531.jpg,negative
2062,,6532.jpg,negative
2063,,6536.jpg,negative
2064,,6539.jpg,negative
2065,,6544.jpg,negative
2066,,6545.jpg,negative
2067,,6564.jpg,negative
2068,,6567.jpg,negative
2069,,657.jpg,negative
2070,,6570.jpg,negative
2071,,6578.jpg,negative
2072,,6579.jpg,negative
2073,,658.jpg,positive
2074,,6580.jpg,negative
2075,,6585.jpg,negative
2076,,6589.jpg,negative
2077,,6590.jpg,negative
2078,,6593.jpg,negative
2079,,6597.jpg,positive
2080,,6599.jpg,negative
2081,,66.jpg,positive
2082,,660.jpg,positive
2083,,6607.jpg,negative
2084,,6608.jpg,negative
2085,,6609.jpg,negative
2086,,661.jpg,negative
2087,,6616.jpg,negative
2088,,6617.jpg,negative
2089,,6618.jpg,negative
2090,,6619.jpg,positive
2091,,662.jpg,negative
2092,,6623.jpg,negative
2093,,6624.jpg,negative
2094,,6630.jpg,negative
2095,,6631.jpg,negative
2096,,6632.jpg,negative
2097,,6635.jpg,negative
2098,,6637.jpg,negative
2099,,6643.jpg,positive
2100,,6644.jpg,negative
2101,,6646.jpg,positive
2102,,6648.jpg,positive
2103,,665.jpg,negative
2104,,6650.jpg,negative
2105,,6652.jpg,negative
2106,,6654.jpg,negative
2107,,6658.jpg,negative
2108,,6659.jpg,negative
2109,,666.jpg,negative
2110,,6665.jpg,negative
2111,,6668.jpg,negative
2112,,667.jpg,negative
2113,,6672.jpg,negative
2114,,6674.jpg,negative
2115,,6683.jpg,negative
2116,,6684.jpg,negative
2117,,6687.jpg,positive
2118,,669.jpg,positive
2119,,6690.jpg,negative
2120,,6691.jpg,negative
2121,,6693.jpg,negative
2122,,67.jpg,negative
2123,,6712.jpg,negative
2124,,6715.jpg,negative
2125,,6720.jpg,positive
2126,,6721.jpg,negative
2127,,6722.jpg,negative
2128,,6732.jpg,negative
2129,,6733.jpg,negative
2130,,6736.jpg,negative
2131,,6739.jpg,negative
2132,,6746.jpg,negative
2133,,6747.jpg,negative
2134,,675.jpg,negative
2135,,6754.jpg,negative
2136,,6755.jpg,negative
2137,,676.jpg,negative
2138,,6760.jpg,negative
2139,,6761.jpg,negative
2140,,6764.jpg,positive
2141,,6766.jpg,negative
2142,,677.jpg,negative
2143,,6772.jpg,negative
2144,,6773.jpg,negative
2145,,678.jpg,negative
2146,,6780.jpg,negative
2147,,6782.jpg,negative
2148,,6783.jpg,negative
2149,,6785.jpg,positive
2150,,6791.jpg,negative
2151,,6793.jpg,negative
2152,,6794.jpg,negative
2153,,6795.jpg,negative
2154,,6797.jpg,negative
2155,,6798.jpg,negative
2156,,68.jpg,negative
2157,,680.jpg,negative
2158,,6800.jpg,positive
2159,,6801.jpg,negative
2160,,6802.jpg,positive
2161,,6809.jpg,negative
2162,,6811.jpg,negative
2163,,6813.jpg,positive
2164,,6826.jpg,positive
2165,,6827.jpg,negative
2166,,6829.jpg,positive
2167,,683.jpg,negative
2168,,6831.jpg,negative
2169,,6832.jpg,positive
2170,,6833.jpg,negative
2171,,6836.jpg,negative
2172,,6841.jpg,negative
2173,,6842.jpg,negative
2174,,6844.jpg,negative
2175,,6846.jpg,negative
2176,,6850.jpg,negative
2177,,6855.jpg,negative
2178,,6856.jpg,positive
2179,,6857.jpg,negative
2180,,686.jpg,negative
2181,,6860.jpg,negative
2182,,6862.jpg,negative
2183,,6863.jpg,negative
2184,,6864.jpg,negative
2185,,6865.jpg,negative
2186,,6867.jpg,negative
2187,,687.jpg,negative
2188,,6876.jpg,negative
2189,,6878.jpg,negative
2190,,6883.jpg,negative
2191,,6884.jpg,positive
2192,,6888.jpg,negative
2193,,6891.jpg,negative
2194,,6892.jpg,negative
2195,,6894.jpg,negative
2196,,6895.jpg,positive
2197,,6897.jpg,positive
2198,,6899.jpg,negative
2199,,69.jpg,negative
2200,,690.jpg,negative
2201,,6900.jpg,negative
2202,,6901.jpg,negative
2203,,6902.jpg,negative
2204,,6903.jpg,negative
2205,,6909.jpg,negative
2206,,6913.jpg,negative
2207,,6915.jpg,negative
2208,,693.jpg,negative
2209,,6931.jpg,negative
2210,,6932.jpg,negative
2211,,6936.jpg,negative
2212,,6939.jpg,negative
2213,,6940.jpg,negative
2214,,6942.jpg,negative
2215,,6947.jpg,negative
2216,,6950.jpg,negative
2217,,6952.jpg,negative
2218,,6953.jpg,negative
2219,,696.jpg,negative
2220,,6960.jpg,negative
2221,,6962.jpg,negative
2222,,6964.jpg,positive
2223,,6965.jpg,negative
2224,,6967.jpg,negative
2225,,6969.jpg,negative
2226,,6970.jpg,positive
2227,,6972.jpg,negative
2228,,6974.jpg,negative
2229,,6981.jpg,negative
2230,,6983.jpg,positive
2231,,6984.jpg,negative
2232,,6994.jpg,negative
2233,,6997.jpg,negative
2234,,7003.jpg,negative
2235,,7007.jpg,negative
2236,,7009.jpg,negative
2237,,701.jpg,negative
2238,,7011.jpg,negative
2239,,7012.jpg,negative
2240,,7014.jpg,negative
2241,,7019.jpg,negative
2242,,7020.jpg,negative
2243,,7024.jpg,negative
2244,,703.jpg,negative
2245,,7031.jpg,negative
2246,,7033.jpg,positive
2247,,7034.jpg,negative
2248,,7036.jpg,negative
2249,,7038.jpg,negative
2250,,7040.jpg,positive
2251,,7042.jpg,negative
2252,,7048.jpg,negative
2253,,7049.jpg,negative
2254,,705.jpg,negative
2255,,7051.jpg,positive
2256,,7052.jpg,negative
2257,,7055.jpg,negative
2258,,7057.jpg,negative
2259,,7058.jpg,positive
2260,,7059.jpg,negative
2261,,7061.jpg,positive
2262,,7064.jpg,negative
2263,,7065.jpg,negative
2264,,7067.jpg,negative
2265,,707.jpg,negative
2266,,7071.jpg,negative
2267,,7073.jpg,negative
2268,,7076.jpg,negative
2269,,708.jpg,negative
2270,,7081.jpg,negative
2271,,7088.jpg,negative
2272,,7089.jpg,negative
2273,,709.jpg,negative
2274,,7096.jpg,negative
2275,,710.jpg,negative
2276,,7104.jpg,negative
2277,,7107.jpg,negative
2278,,7109.jpg,negative
2279,,7113.jpg,negative
2280,,7115.jpg,negative
2281,,7117.jpg,negative
2282,,712.jpg,negative
2283,,7121.jpg,negative
2284,,7123.jpg,negative
2285,,7126.jpg,negative
2286,,7129.jpg,negative
2287,,713.jpg,negative
2288,,7130.jpg,negative
2289,,7132.jpg,negative
2290,,7134.jpg,negative
2291,,7135.jpg,negative
2292,,7136.jpg,negative
2293,,7137.jpg,negative
2294,,7138.jpg,negative
2295,,7141.jpg,negative
2296,,7144.jpg,negative
2297,,7148.jpg,negative
2298,,715.jpg,negative
2299,,7152.jpg,negative
2300,,7153.jpg,negative
2301,,7154.jpg,negative
2302,,7157.jpg,negative
2303,,716.jpg,negative
2304,,7173.jpg,negative
2305,,7174.jpg,negative
2306,,7178.jpg,negative
2307,,7185.jpg,negative
2308,,7188.jpg,negative
2309,,7197.jpg,negative
2310,,72.jpg,negative
2311,,7200.jpg,negative
2312,,7204.jpg,negative
2313,,7205.jpg,negative
2314,,721.jpg,negative
2315,,7214.jpg,negative
2316,,7216.jpg,negative
2317,,7218.jpg,negative
2318,,7220.jpg,positive
2319,,7223.jpg,negative
2320,,7226.jpg,negative
2321,,7228.jpg,negative
2322,,723.jpg,positive
2323,,7233.jpg,negative
2324,,7234.jpg,negative
2325,,7241.jpg,negative
2326,,7249.jpg,negative
2327,,7250.jpg,negative
2328,,7257.jpg,negative
2329,,7260.jpg,negative
2330,,7261.jpg,negative
2331,,7264.jpg,negative
2332,,7269.jpg,negative
2333,,7270.jpg,negative
2334,,7276.jpg,negative
2335,,7278.jpg,negative
2336,,7280.jpg,negative
2337,,7282.jpg,negative
2338,,7285.jpg,negative
2339,,7287.jpg,negative
2340,,7289.jpg,negative
2341,,7290.jpg,negative
2342,,7292.jpg,negative
2343,,7296.jpg,negative
2344,,730.jpg,negative
2345,,7300.jpg,negative
2346,,7301.jpg,negative
2347,,7304.jpg,negative
2348,,7308.jpg,negative
2349,,7309.jpg,negative
2350,,7310.jpg,negative
2351,,7311.jpg,negative
2352,,7312.jpg,negative
2353,,7313.jpg,negative
2354,,7315.jpg,negative
2355,,7320.jpg,negative
2356,,7321.jpg,negative
2357,,7326.jpg,negative
2358,,7327.jpg,negative
2359,,7338.jpg,negative
2360,,7341.jpg,negative
2361,,7342.jpg,negative
2362,,7349.jpg,negative
2363,,7350.jpg,negative
2364,,7355.jpg,negative
2365,,7357.jpg,negative
2366,,736.jpg,negative
2367,,7361.jpg,negative
2368,,7362.jpg,negative
2369,,7364.jpg,negative
2370,,7368.jpg,negative
2371,,7369.jpg,negative
2372,,737.jpg,negative
2373,,7371.jpg,negative
2374,,7373.jpg,negative
2375,,738.jpg,negative
2376,,7381.jpg,negative
2377,,7383.jpg,negative
2378,,7384.jpg,negative
2379,,7385.jpg,negative
2380,,7386.jpg,negative
2381,,7387.jpg,negative
2382,,7389.jpg,negative
2383,,7393.jpg,negative
2384,,7394.jpg,negative
2385,,7399.jpg,negative
2386,,7403.jpg,negative
2387,,7406.jpg,negative
2388,,741.jpg,negative
2389,,7415.jpg,negative
2390,,7416.jpg,negative
2391,,7419.jpg,negative
2392,,7420.jpg,negative
2393,,7421.jpg,negative
2394,,7425.jpg,positive
2395,,7429.jpg,negative
2396,,743.jpg,negative
2397,,7430.jpg,negative
2398,,7431.jpg,positive
2399,,7432.jpg,negative
2400,,7437.jpg,negative
2401,,7439.jpg,negative
2402,,744.jpg,negative
2403,,7441.jpg,negative
2404,,7443.jpg,negative
2405,,7447.jpg,negative
2406,,7450.jpg,positive
2407,,7453.jpg,negative
2408,,7454.jpg,negative
2409,,7456.jpg,negative
2410,,7457.jpg,negative
2411,,7459.jpg,positive
2412,,7460.jpg,negative
2413,,7470.jpg,negative
2414,,7471.jpg,negative
2415,,7472.jpg,negative
2416,,7473.jpg,negative
2417,,7474.jpg,negative
2418,,7475.jpg,negative
2419,,7476.jpg,positive
2420,,7478.jpg,negative
2421,,748.jpg,negative
2422,,7481.jpg,negative
2423,,7482.jpg,negative
2424,,7483.jpg,negative
2425,,7488.jpg,negative
2426,,7491.jpg,negative
2427,,7492.jpg,negative
2428,,7502.jpg,negative
2429,,7504.jpg,negative
2430,,7506.jpg,negative
2431,,7507.jpg,negative
2432,,7508.jpg,negative
2433,,7509.jpg,negative
2434,,751.jpg,negative
2435,,7511.jpg,negative
2436,,7512.jpg,negative
2437,,7524.jpg,negative
2438,,7525.jpg,negative
2439,,7527.jpg,negative
2440,,7530.jpg,negative
2441,,7536.jpg,negative
2442,,7538.jpg,positive
2443,,754.jpg,positive
2444,,7542.jpg,negative
2445,,7545.jpg,negative
2446,,7550.jpg,negative
2447,,7551.jpg,negative
2448,,7557.jpg,negative
2449,,7563.jpg,positive
2450,,7564.jpg,negative
2451,,7565.jpg,negative
2452,,7566.jpg,negative
2453,,7570.jpg,negative
2454,,7572.jpg,negative
2455,,7573.jpg,negative
2456,,7574.jpg,negative
2457,,7575.jpg,negative
2458,,7580.jpg,negative
2459,,7589.jpg,negative
2460,,7592.jpg,negative
2461,,7596.jpg,negative
2462,,7600.jpg,negative
2463,,7604.jpg,negative
2464,,7605.jpg,negative
2465,,7606.jpg,negative
2466,,7608.jpg,negative
2467,,7614.jpg,negative
2468,,7615.jpg,negative
2469,,7616.jpg,negative
2470,,7617.jpg,negative
2471,,7618.jpg,negative
2472,,7620.jpg,positive
2473,,7623.jpg,negative
2474,,7627.jpg,negative
2475,,7630.jpg,negative
2476,,7635.jpg,positive
2477,,7638.jpg,negative
2478,,764.jpg,negative
2479,,7640.jpg,negative
2480,,7643.jpg,negative
2481,,7644.jpg,negative
2482,,7648.jpg,negative
2483,,7649.jpg,negative
2484,,7650.jpg,negative
2485,,7654.jpg,negative
2486,,7655.jpg,negative
2487,,7658.jpg,negative
2488,,7659.jpg,positive
2489,,7660.jpg,negative
2490,,7670.jpg,negative
2491,,7674.jpg,negative
2492,,7675.jpg,negative
2493,,7677.jpg,negative
2494,,7679.jpg,negative
2495,,768.jpg,negative
2496,,7681.jpg,positive
2497,,7682.jpg,negative
2498,,7684.jpg,negative
2499,,7690.jpg,negative
2500,,7692.jpg,negative
2501,,7700.jpg,negative
2502,,7701.jpg,negative
2503,,7703.jpg,negative
2504,,771.jpg,negative
2505,,7710.jpg,negative
2506,,7711.jpg,negative
2507,,7717.jpg,negative
2508,,7719.jpg,negative
2509,,7724.jpg,negative
2510,,7726.jpg,positive
2511,,7727.jpg,negative
2512,,7731.jpg,negative
2513,,7734.jpg,negative
2514,,7741.jpg,negative
2515,,7742.jpg,positive
2516,,7743.jpg,negative
2517,,7746.jpg,negative
2518,,7751.jpg,negative
2519,,7753.jpg,negative
2520,,7754.jpg,negative
2521,,776.jpg,negative
2522,,7760.jpg,negative
2523,,7763.jpg,positive
2524,,7765.jpg,negative
2525,,7767.jpg,negative
2526,,7769.jpg,negative
2527,,7774.jpg,negative
2528,,7775.jpg,negative
2529,,7779.jpg,positive
2530,,7782.jpg,negative
2531,,7783.jpg,negative
2532,,7785.jpg,negative
2533,,7788.jpg,negative
2534,,7790.jpg,negative
2535,,7791.jpg,negative
2536,,7792.jpg,positive
2537,,7794.jpg,positive
2538,,7795.jpg,negative
2539,,7799.jpg,positive
2540,,7802.jpg,negative
2541,,7808.jpg,negative
2542,,7814.jpg,negative
2543,,7815.jpg,negative
2544,,7817.jpg,negative
2545,,7818.jpg,negative
2546,,7819.jpg,negative
2547,,7820.jpg,negative
2548,,7821.jpg,negative
2549,,7826.jpg,negative
2550,,7827.jpg,negative
2551,,7830.jpg,negative
2552,,7836.jpg,positive
2553,,7837.jpg,negative
2554,,7845.jpg,negative
2555,,785.jpg,negative
2556,,7851.jpg,negative
2557,,7852.jpg,negative
2558,,7854.jpg,negative
2559,,7858.jpg,negative
2560,,7859.jpg,negative
2561,,7860.jpg,negative
2562,,7862.jpg,negative
2563,,7863.jpg,negative
2564,,7866.jpg,negative
2565,,7874.jpg,negative
2566,,7875.jpg,negative
2567,,7877.jpg,negative
2568,,788.jpg,negative
2569,,7880.jpg,negative
2570,,7889.jpg,negative
2571,,7894.jpg,negative
2572,,7898.jpg,negative
2573,,7899.jpg,negative
2574,,79.jpg,negative
2575,,7900.jpg,negative
2576,,7903.jpg,negative
2577,,7906.jpg,negative
2578,,7908.jpg,negative
2579,,7910.jpg,negative
2580,,7911.jpg,negative
2581,,7916.jpg,negative
2582,,7919.jpg,negative
2583,,792.jpg,negative
2584,,7921.jpg,negative
2585,,7924.jpg,negative
2586,,7928.jpg,negative
2587,,793.jpg,negative
2588,,7932.jpg,negative
2589,,7934.jpg,positive
2590,,794.jpg,negative
2591,,7940.jpg,negative
2592,,7945.jpg,negative
2593,,7950.jpg,negative
2594,,7955.jpg,negative
2595,,7956.jpg,negative
2596,,7957.jpg,negative
2597,,7962.jpg,negative
2598,,7965.jpg,negative
2599,,7966.jpg,negative
2600,,7971.jpg,negative
2601,,7972.jpg,negative
2602,,7977.jpg,negative
2603,,7979.jpg,negative
2604,,7981.jpg,negative
2605,,7982.jpg,negative
2606,,7990.jpg,negative
2607,,7998.jpg,negative
2608,,8004.jpg,negative
2609,,8005.jpg,negative
2610,,8006.jpg,negative
2611,,801.jpg,negative
2612,,8011.jpg,negative
2613,,8013.jpg,negative
2614,,8015.jpg,negative
2615,,8017.jpg,negative
2616,,8018.jpg,negative
2617,,8023.jpg,negative
2618,,8024.jpg,negative
2619,,8027.jpg,negative
2620,,8029.jpg,negative
2621,,803.jpg,negative
2622,,8031.jpg,negative
2623,,8032.jpg,negative
2624,,8033.jpg,negative
2625,,8035.jpg,negative
2626,,804.jpg,negative
2627,,8041.jpg,positive
2628,,8045.jpg,negative
2629,,8046.jpg,negative
2630,,8047.jpg,negative
2631,,8050.jpg,negative
2632,,8054.jpg,negative
2633,,8055.jpg,negative
2634,,8056.jpg,negative
2635,,8057.jpg,negative
2636,,806.jpg,negative
2637,,8062.jpg,negative
2638,,8064.jpg,negative
2639,,8072.jpg,negative
2640,,8074.jpg,negative
2641,,8075.jpg,negative
2642,,8077.jpg,negative
2643,,8086.jpg,negative
2644,,8087.jpg,negative
2645,,8089.jpg,negative
2646,,8092.jpg,negative
2647,,8094.jpg,negative
2648,,8099.jpg,negative
2649,,810.jpg,negative
2650,,8100.jpg,negative
2651,,8104.jpg,negative
2652,,8105.jpg,negative
2653,,8106.jpg,negative
2654,,8109.jpg,negative
2655,,8114.jpg,negative
2656,,8115.jpg,negative
2657,,8116.jpg,negative
2658,,8117.jpg,negative
2659,,8119.jpg,negative
2660,,8126.jpg,negative
2661,,813.jpg,negative
2662,,8131.jpg,negative
2663,,8132.jpg,negative
2664,,8135.jpg,negative
2665,,8136.jpg,negative
2666,,8139.jpg,negative
2667,,8141.jpg,negative
2668,,8143.jpg,negative
2669,,8145.jpg,negative
2670,,8146.jpg,negative
2671,,8150.jpg,negative
2672,,8154.jpg,negative
2673,,8155.jpg,negative
2674,,8159.jpg,negative
2675,,816.jpg,negative
2676,,8162.jpg,negative
2677,,8164.jpg,negative
2678,,8168.jpg,negative
2679,,8169.jpg,negative
2680,,8170.jpg,negative
2681,,8171.jpg,negative
2682,,8175.jpg,negative
2683,,8180.jpg,negative
2684,,8182.jpg,negative
2685,,819.jpg,negative
2686,,8193.jpg,negative
2687,,8194.jpg,negative
2688,,8195.jpg,negative
2689,,8207.jpg,negative
2690,,821.jpg,negative
2691,,8210.jpg,negative
2692,,8215.jpg,negative
2693,,8216.jpg,negative
2694,,8221.jpg,negative
2695,,8223.jpg,negative
2696,,8226.jpg,negative
2697,,823.jpg,negative
2698,,8233.jpg,negative
2699,,8234.jpg,negative
2700,,8235.jpg,negative
2701,,8237.jpg,negative
2702,,824.jpg,negative
2703,,8244.jpg,negative
2704,,8247.jpg,negative
2705,,8249.jpg,negative
2706,,8252.jpg,negative
2707,,8255.jpg,negative
2708,,8263.jpg,negative
2709,,8264.jpg,negative
2710,,8265.jpg,negative
2711,,8267.jpg,negative
2712,,8270.jpg,negative
2713,,8278.jpg,negative
2714,,8283.jpg,negative
2715,,8287.jpg,positive
2716,,8293.jpg,negative
2717,,8301.jpg,negative
2718,,8302.jpg,negative
2719,,8303.jpg,negative
2720,,8304.jpg,negative
2721,,8306.jpg,negative
2722,,8310.jpg,negative
2723,,8317.jpg,negative
2724,,8319.jpg,negative
2725,,8322.jpg,negative
2726,,8325.jpg,negative
2727,,833.jpg,negative
2728,,8333.jpg,negative
2729,,8336.jpg,negative
2730,,8337.jpg,negative
2731,,834.jpg,negative
2732,,8340.jpg,negative
2733,,8347.jpg,negative
2734,,8349.jpg,negative
2735,,835.jpg,negative
2736,,8353.jpg,negative
2737,,8358.jpg,negative
2738,,8374.jpg,negative
2739,,8389.jpg,negative
2740,,839.jpg,negative
2741,,8390.jpg,negative
2742,,8393.jpg,negative
2743,,8397.jpg,positive
2744,,8399.jpg,negative
2745,,84.jpg,negative
2746,,8402.jpg,negative
2747,,8407.jpg,negative
2748,,8409.jpg,negative
2749,,841.jpg,negative
2750,,8410.jpg,negative
2751,,8411.jpg,negative
2752,,8412.jpg,negative
2753,,8413.jpg,negative
2754,,8415.jpg,negative
2755,,8416.jpg,negative
2756,,8420.jpg,negative
2757,,8422.jpg,negative
2758,,8424.jpg,negative
2759,,8430.jpg,negative
2760,,8432.jpg,negative
2761,,8434.jpg,negative
2762,,8438.jpg,negative
2763,,8447.jpg,negative
2764,,8448.jpg,negative
2765,,845.jpg,negative
2766,,8454.jpg,negative
2767,,8460.jpg,negative
2768,,8462.jpg,negative
2769,,8465.jpg,negative
2770,,8469.jpg,negative
2771,,847.jpg,negative
2772,,8470.jpg,negative
2773,,8475.jpg,negative
2774,,8478.jpg,negative
2775,,8483.jpg,negative
2776,,8485.jpg,negative
2777,,8486.jpg,negative
2778,,849.jpg,negative
2779,,8490.jpg,negative
2780,,8491.jpg,negative
2781,,8493.jpg,negative
2782,,8494.jpg,negative
2783,,8498.jpg,negative
2784,,8503.jpg,negative
2785,,8504.jpg,negative
2786,,8505.jpg,negative
2787,,8509.jpg,negative
2788,,8510.jpg,negative
2789,,8519.jpg,negative
2790,,852.jpg,negative
2791,,8524.jpg,negative
2792,,8526.jpg,negative
2793,,8528.jpg,positive
2794,,8530.jpg,negative
2795,,8533.jpg,negative
2796,,8538.jpg,negative
2797,,854.jpg,negative
2798,,8541.jpg,negative
2799,,8543.jpg,negative
2800,,8548.jpg,negative
2801,,855.jpg,negative
2802,,8550.jpg,negative
2803,,8551.jpg,negative
2804,,8556.jpg,positive
2805,,8557.jpg,negative
2806,,8569.jpg,negative
2807,,8571.jpg,negative
2808,,8572.jpg,negative
2809,,8574.jpg,negative
2810,,8575.jpg,negative
2811,,8576.jpg,negative
2812,,858.jpg,negative
2813,,8580.jpg,negative
2814,,8582.jpg,negative
2815,,8584.jpg,negative
2816,,8586.jpg,negative
2817,,8589.jpg,positive
2818,,8590.jpg,negative
2819,,8591.jpg,negative
2820,,8593.jpg,positive
2821,,8595.jpg,negative
2822,,8597.jpg,negative
2823,,8598.jpg,negative
2824,,860.jpg,negative
2825,,8603.jpg,negative
2826,,8609.jpg,positive
2827,,8613.jpg,negative
2828,,8614.jpg,negative
2829,,8615.jpg,negative
2830,,8617.jpg,negative
2831,,8620.jpg,positive
2832,,8621.jpg,positive
2833,,8622.jpg,negative
2834,,8627.jpg,positive
2835,,8629.jpg,negative
2836,,863.jpg,positive
2837,,8630.jpg,negative
2838,,8632.jpg,negative
2839,,8638.jpg,negative
2840,,8639.jpg,positive
2841,,8641.jpg,negative
2842,,8643.jpg,negative
2843,,8647.jpg,positive
2844,,8649.jpg,negative
2845,,8650.jpg,negative
2846,,8652.jpg,negative
2847,,8654.jpg,negative
2848,,866.jpg,negative
2849,,8671.jpg,negative
2850,,8674.jpg,negative
2851,,8675.jpg,negative
2852,,8678.jpg,negative
2853,,8683.jpg,negative
2854,,8686.jpg,positive
2855,,8691.jpg,negative
2856,,8692.jpg,negative
2857,,8693.jpg,negative
2858,,8697.jpg,negative
2859,,8699.jpg,positive
2860,,87.jpg,positive
2861,,8703.jpg,negative
2862,,8704.jpg,negative
2863,,871.jpg,negative
2864,,8712.jpg,positive
2865,,8719.jpg,positive
2866,,8720.jpg,negative
2867,,8721.jpg,negative
2868,,8723.jpg,negative
2869,,8726.jpg,negative
2870,,873.jpg,negative
2871,,8730.jpg,negative
2872,,8738.jpg,negative
2873,,874.jpg,negative
2874,,8741.jpg,negative
2875,,8742.jpg,negative
2876,,8744.jpg,negative
2877,,8745.jpg,negative
2878,,8747.jpg,negative
2879,,8749.jpg,negative
2880,,8752.jpg,negative
2881,,8753.jpg,positive
2882,,8757.jpg,negative
2883,,876.jpg,negative
2884,,8766.jpg,negative
2885,,8767.jpg,negative
2886,,8770.jpg,negative
2887,,8775.jpg,negative
2888,,8777.jpg,negative
2889,,8780.jpg,positive
2890,,8783.jpg,negative
2891,,8787.jpg,negative
2892,,8790.jpg,negative
2893,,8791.jpg,negative
2894,,8794.jpg,negative
2895,,8796.jpg,negative
2896,,8798.jpg,negative
2897,,8799.jpg,negative
2898,,8803.jpg,negative
2899,,8804.jpg,negative
2900,,8805.jpg,negative
2901,,8807.jpg,negative
2902,,8808.jpg,negative
2903,,8809.jpg,negative
2904,,881.jpg,negative
2905,,8813.jpg,negative
2906,,8814.jpg,negative
2907,,8815.jpg,negative
2908,,8819.jpg,negative
2909,,8820.jpg,negative
2910,,8821.jpg,negative
2911,,8823.jpg,negative
2912,,8831.jpg,positive
2913,,8833.jpg,negative
2914,,8838.jpg,negative
2915,,8839.jpg,negative
2916,,884.jpg,negative
2917,,8843.jpg,negative
2918,,8851.jpg,negative
2919,,8854.jpg,negative
2920,,8856.jpg,negative
2921,,8860.jpg,negative
2922,,8862.jpg,negative
2923,,8867.jpg,negative
2924,,8869.jpg,negative
2925,,8870.jpg,negative
2926,,888.jpg,negative
2927,,8880.jpg,negative
2928,,8885.jpg,positive
2929,,8886.jpg,negative
2930,,8890.jpg,negative
2931,,8891.jpg,negative
2932,,8904.jpg,positive
2933,,8910.jpg,negative
2934,,8911.jpg,negative
2935,,8920.jpg,negative
2936,,8923.jpg,negative
2937,,8925.jpg,negative
2938,,8926.jpg,negative
2939,,8927.jpg,negative
2940,,8928.jpg,negative
2941,,8930.jpg,negative
2942,,8934.jpg,negative
2943,,8938.jpg,negative
2944,,8941.jpg,negative
2945,,8945.jpg,negative
2946,,8946.jpg,negative
2947,,8947.jpg,negative
2948,,8948.jpg,negative
2949,,8951.jpg,negative
2950,,8956.jpg,negative
2951,,8958.jpg,negative
2952,,896.jpg,negative
2953,,8960.jpg,negative
2954,,8961.jpg,negative
2955,,8965.jpg,negative
2956,,8968.jpg,negative
2957,,8971.jpg,negative
2958,,8973.jpg,negative
2959,,8975.jpg,negative
2960,,8977.jpg,negative
2961,,8978.jpg,negative
2962,,8979.jpg,negative
2963,,8981.jpg,negative
2964,,8987.jpg,negative
2965,,8992.jpg,negative
2966,,8993.jpg,negative
2967,,8995.jpg,negative
2968,,902.jpg,negative
2969,,904.jpg,negative
2970,,913.jpg,negative
2971,,915.jpg,negative
2972,,917.jpg,negative
2973,,922.jpg,negative
2974,,923.jpg,negative
2975,,93.jpg,negative
2976,,931.jpg,negative
2977,,938.jpg,negative
2978,,94.jpg,negative
2979,,948.jpg,negative
2980,,950.jpg,negative
2981,,951.jpg,negative
2982,,954.jpg,negative
2983,,958.jpg,negative
2984,,959.jpg,negative
2985,,96.jpg,negative
2986,,962.jpg,negative
2987,,964.jpg,negative
2988,,965.jpg,negative
2989,,97.jpg,negative
2990,,975.jpg,negative
2991,,980.jpg,negative
2992,,985.jpg,negative
2993,,986.jpg,negative
2994,,988.jpg,negative
2995,,992.jpg,negative
2996,,993.jpg,negative
2997,,995.jpg,positive
2998,,997.jpg,negative
2999,,999.jpg,negative
