Image-name,quality status
0.jpg,Bad
1.jpg,Bad
10.jpg,Bad
100.jpg,Bad
1000.jpg,None
1001.jpg,None
1002.jpg,None
1003.jpg,None
1004.jpg,None
1005.jpg,None
1006.jpg,None
1007.jpg,None
1008.jpg,None
1009.jpg,None
101.jpg,None
1010.jpg,None
1011.jpg,None
1012.jpg,None
1013.jpg,None
1014.jpg,None
1015.jpg,None
1016.jpg,None
1017.jpg,None
1018.jpg,None
1019.jpg,None
102.jpg,None
1020.jpg,None
1021.jpg,None
1022.jpg,None
1023.jpg,None
1024.jpg,None
1025.jpg,None
1026.jpg,None
1027.jpg,None
1028.jpg,None
1029.jpg,None
103.jpg,None
1030.jpg,None
1031.jpg,None
1032.jpg,None
1033.jpg,None
1035.jpg,None
1036.jpg,None
1038.jpg,None
1039.jpg,None
104.jpg,None
1040.jpg,None
1041.jpg,None
1042.jpg,None
1043.jpg,None
1044.jpg,None
1045.jpg,None
1046.jpg,None
1047.jpg,None
1048.jpg,None
1049.jpg,None
1050.jpg,None
1051.jpg,None
1052.jpg,None
1053.jpg,None
1054.jpg,None
1055.jpg,None
1056.jpg,None
1057.jpg,None
1058.jpg,None
1059.jpg,None
106.jpg,None
1060.jpg,None
1061.jpg,None
1062.jpg,None
1063.jpg,None
1064.jpg,None
1065.jpg,None
1066.jpg,None
1067.jpg,None
1068.jpg,None
107.jpg,None
1070.jpg,None
1071.jpg,None
1073.jpg,None
1074.jpg,None
1075.jpg,None
1077.jpg,None
1078.jpg,None
108.jpg,None
1081.jpg,None
1082.jpg,None
1083.jpg,None
1084.jpg,None
1085.jpg,None
1086.jpg,None
1087.jpg,None
1088.jpg,None
1089.jpg,None
109.jpg,None
1090.jpg,None
1091.jpg,None
1092.jpg,None
1093.jpg,None
1094.jpg,None
1095.jpg,None
1096.jpg,None
1097.jpg,None
1098.jpg,None
1099.jpg,None
11.jpg,None
110.jpg,None
1100.jpg,None
1101.jpg,None
1102.jpg,None
1103.jpg,None
1104.jpg,None
1105.jpg,None
1106.jpg,None
1107.jpg,None
1108.jpg,None
1109.jpg,None
111.jpg,None
1110.jpg,None
1111.jpg,None
1112.jpg,None
1114.jpg,None
1115.jpg,None
1116.jpg,None
1117.jpg,None
1118.jpg,None
1119.jpg,None
112.jpg,None
1120.jpg,None
1121.jpg,None
1124.jpg,None
1125.jpg,None
1126.jpg,None
1127.jpg,None
1128.jpg,None
1129.jpg,None
113.jpg,None
1130.jpg,None
1131.jpg,None
1132.jpg,None
1133.jpg,None
1134.jpg,None
1135.jpg,None
1136.jpg,None
1137.jpg,None
1138.jpg,None
1139.jpg,None
114.jpg,None
1140.jpg,None
1141.jpg,None
1143.jpg,None
1144.jpg,None
1145.jpg,None
1146.jpg,None
1147.jpg,None
1148.jpg,None
1149.jpg,None
1151.jpg,None
1152.jpg,None
1154.jpg,None
1155.jpg,None
1156.jpg,None
1157.jpg,None
1158.jpg,None
1159.jpg,None
116.jpg,None
1160.jpg,None
1161.jpg,None
1162.jpg,None
1163.jpg,None
1164.jpg,None
1165.jpg,None
1166.jpg,None
1167.jpg,None
1168.jpg,None
1170.jpg,None
1171.jpg,None
1172.jpg,None
1173.jpg,None
1174.jpg,None
1175.jpg,None
1176.jpg,None
1177.jpg,None
1178.jpg,None
1179.jpg,None
1180.jpg,None
1181.jpg,None
1183.jpg,None
1184.jpg,None
1185.jpg,None
1186.jpg,None
1187.jpg,None
1188.jpg,None
1189.jpg,None
1191.jpg,None
1192.jpg,None
1193.jpg,None
1194.jpg,None
1195.jpg,None
1196.jpg,None
1197.jpg,None
1198.jpg,None
1199.jpg,None
12.jpg,None
120.jpg,None
1200.jpg,None
1201.jpg,None
1202.jpg,None
1203.jpg,None
1204.jpg,None
1205.jpg,None
1206.jpg,None
1207.jpg,None
1208.jpg,None
121.jpg,None
1210.jpg,None
1211.jpg,None
1212.jpg,None
1213.jpg,None
1214.jpg,None
1215.jpg,None
1216.jpg,None
1217.jpg,None
1218.jpg,None
1219.jpg,None
122.jpg,None
1220.jpg,None
1221.jpg,None
1222.jpg,None
1223.jpg,None
1224.jpg,None
1225.jpg,None
1226.jpg,None
1227.jpg,None
1228.jpg,None
123.jpg,None
1230.jpg,None
1231.jpg,None
1232.jpg,None
1233.jpg,None
1234.jpg,None
1235.jpg,None
1236.jpg,None
1237.jpg,None
1238.jpg,None
1239.jpg,None
124.jpg,None
1240.jpg,None
1241.jpg,None
1242.jpg,None
1243.jpg,None
1244.jpg,None
1245.jpg,None
1247.jpg,None
1248.jpg,None
1249.jpg,None
125.jpg,None
1250.jpg,None
1251.jpg,None
1252.jpg,None
1253.jpg,None
1254.jpg,None
1255.jpg,None
1256.jpg,None
1258.jpg,None
1259.jpg,None
1260.jpg,None
1261.jpg,None
1262.jpg,None
1263.jpg,None
1264.jpg,None
1265.jpg,None
1266.jpg,None
1267.jpg,None
1269.jpg,None
1270.jpg,None
1271.jpg,None
1273.jpg,None
1274.jpg,None
1275.jpg,None
1276.jpg,None
1277.jpg,None
1278.jpg,None
1279.jpg,None
1280.jpg,None
1281.jpg,None
1282.jpg,None
1283.jpg,None
1284.jpg,None
1285.jpg,None
1286.jpg,None
1287.jpg,None
1288.jpg,None
1289.jpg,None
129.jpg,None
1290.jpg,None
1291.jpg,None
1292.jpg,None
1293.jpg,None
1294.jpg,None
1295.jpg,None
1296.jpg,None
1297.jpg,None
1298.jpg,None
1299.jpg,None
13.jpg,None
130.jpg,None
1300.jpg,None
1301.jpg,None
1302.jpg,None
1303.jpg,None
1304.jpg,None
1305.jpg,None
1306.jpg,None
1307.jpg,None
1308.jpg,None
1309.jpg,None
131.jpg,None
1310.jpg,None
1311.jpg,None
1312.jpg,None
1313.jpg,None
1314.jpg,None
1315.jpg,None
1316.jpg,None
1317.jpg,None
1318.jpg,None
1319.jpg,None
132.jpg,None
1320.jpg,None
1321.jpg,None
1322.jpg,None
1323.jpg,None
1324.jpg,None
1325.jpg,None
1326.jpg,None
1327.jpg,None
1328.jpg,None
1329.jpg,None
133.jpg,None
1330.jpg,None
1331.jpg,None
1332.jpg,None
1334.jpg,None
1335.jpg,None
1336.jpg,None
1337.jpg,None
1339.jpg,None
134.jpg,None
1340.jpg,None
1341.jpg,None
1342.jpg,None
1343.jpg,None
1344.jpg,None
1345.jpg,None
1346.jpg,None
1347.jpg,None
1348.jpg,None
1349.jpg,None
135.jpg,None
1350.jpg,None
1351.jpg,None
1352.jpg,None
1353.jpg,None
1354.jpg,None
1355.jpg,None
1356.jpg,None
1357.jpg,None
1358.jpg,None
1359.jpg,None
136.jpg,None
1360.jpg,None
1361.jpg,None
1362.jpg,None
1363.jpg,None
1364.jpg,None
1365.jpg,None
1366.jpg,None
1367.jpg,None
1369.jpg,None
137.jpg,None
1370.jpg,None
1371.jpg,None
1373.jpg,None
1374.jpg,None
1376.jpg,None
1377.jpg,None
1378.jpg,None
1379.jpg,None
138.jpg,None
1380.jpg,None
1381.jpg,None
1382.jpg,None
1383.jpg,None
1384.jpg,None
1385.jpg,None
1386.jpg,None
1387.jpg,None
1388.jpg,None
1389.jpg,None
1391.jpg,None
1392.jpg,None
1393.jpg,None
1394.jpg,None
1395.jpg,None
1396.jpg,None
1397.jpg,None
1398.jpg,None
1399.jpg,None
14.jpg,None
140.jpg,None
1400.jpg,None
1401.jpg,None
1402.jpg,None
1403.jpg,None
1404.jpg,None
1405.jpg,None
1406.jpg,None
1407.jpg,None
1408.jpg,None
1409.jpg,None
141.jpg,None
1410.jpg,None
1411.jpg,None
1412.jpg,None
1414.jpg,None
1415.jpg,None
1416.jpg,None
1417.jpg,None
1418.jpg,None
1419.jpg,None
142.jpg,None
1420.jpg,None
1421.jpg,None
1422.jpg,None
1423.jpg,None
1424.jpg,None
1425.jpg,None
1426.jpg,None
1428.jpg,None
1429.jpg,None
143.jpg,None
1430.jpg,None
1431.jpg,None
1432.jpg,None
1433.jpg,None
1434.jpg,None
1435.jpg,None
1436.jpg,None
1437.jpg,None
1438.jpg,None
1439.jpg,None
144.jpg,None
1440.jpg,None
1441.jpg,None
1442.jpg,None
1443.jpg,None
1444.jpg,None
1445.jpg,None
1446.jpg,None
1447.jpg,None
1448.jpg,None
1449.jpg,None
145.jpg,None
1450.jpg,None
1451.jpg,None
1452.jpg,None
1453.jpg,None
1454.jpg,None
1455.jpg,None
1456.jpg,None
1457.jpg,None
1458.jpg,None
1459.jpg,None
146.jpg,None
1460.jpg,None
1461.jpg,None
1462.jpg,None
1463.jpg,None
1464.jpg,None
1466.jpg,None
1467.jpg,None
1468.jpg,None
1469.jpg,None
147.jpg,None
1470.jpg,None
1471.jpg,None
1472.jpg,None
1473.jpg,None
1474.jpg,None
1475.jpg,None
1476.jpg,None
1477.jpg,None
1478.jpg,None
1479.jpg,None
148.jpg,None
1480.jpg,None
1481.jpg,None
1482.jpg,None
1483.jpg,None
1484.jpg,None
1485.jpg,None
1486.jpg,None
1487.jpg,None
1488.jpg,None
1489.jpg,None
149.jpg,None
1490.jpg,None
1491.jpg,None
1492.jpg,None
1493.jpg,None
1494.jpg,None
1495.jpg,None
1496.jpg,None
1497.jpg,None
1498.jpg,None
1499.jpg,None
15.jpg,None
150.jpg,None
1500.jpg,None
1501.jpg,None
1502.jpg,None
1503.jpg,None
1504.jpg,None
1505.jpg,None
1506.jpg,None
1507.jpg,None
1508.jpg,None
1509.jpg,None
1510.jpg,None
1511.jpg,None
1512.jpg,None
1513.jpg,None
1514.jpg,None
1515.jpg,None
1516.jpg,None
1517.jpg,None
1518.jpg,None
1519.jpg,None
152.jpg,None
1520.jpg,None
1521.jpg,None
1522.jpg,None
1523.jpg,None
1524.jpg,None
1525.jpg,None
1526.jpg,None
1527.jpg,None
1529.jpg,None
153.jpg,None
1530.jpg,None
1531.jpg,None
1532.jpg,None
1533.jpg,None
1534.jpg,None
1535.jpg,None
1536.jpg,None
1537.jpg,None
1538.jpg,None
1539.jpg,None
154.jpg,None
1540.jpg,None
1541.jpg,None
1542.jpg,None
1543.jpg,None
1544.jpg,None
1545.jpg,None
1546.jpg,None
1547.jpg,None
1548.jpg,None
1549.jpg,None
155.jpg,None
1550.jpg,None
1552.jpg,None
1553.jpg,None
1555.jpg,None
1556.jpg,None
1557.jpg,None
1558.jpg,None
1559.jpg,None
156.jpg,None
1560.jpg,None
1561.jpg,None
1562.jpg,None
1563.jpg,None
1564.jpg,None
1565.jpg,None
1566.jpg,None
1567.jpg,None
1568.jpg,None
1569.jpg,None
157.jpg,None
1571.jpg,None
1572.jpg,None
1573.jpg,None
1574.jpg,None
1575.jpg,None
1576.jpg,None
1577.jpg,None
1578.jpg,None
1579.jpg,None
158.jpg,None
1580.jpg,None
1581.jpg,None
1582.jpg,None
1583.jpg,None
1584.jpg,None
1585.jpg,None
1586.jpg,None
1587.jpg,None
1588.jpg,None
1589.jpg,None
159.jpg,None
1590.jpg,None
1591.jpg,None
1592.jpg,None
1593.jpg,None
1594.jpg,None
1595.jpg,None
1596.jpg,None
1597.jpg,None
1598.jpg,None
1599.jpg,None
16.jpg,None
160.jpg,None
1602.jpg,None
1603.jpg,None
1604.jpg,None
1605.jpg,None
1606.jpg,None
1607.jpg,None
1608.jpg,None
1609.jpg,None
161.jpg,None
1610.jpg,None
1611.jpg,None
1612.jpg,None
1613.jpg,None
1615.jpg,None
1617.jpg,None
1618.jpg,None
1619.jpg,None
162.jpg,None
1620.jpg,None
1621.jpg,None
1622.jpg,None
1623.jpg,None
1624.jpg,None
1625.jpg,None
1626.jpg,None
1627.jpg,None
1628.jpg,None
1629.jpg,None
163.jpg,None
1630.jpg,None
1631.jpg,None
1632.jpg,None
1633.jpg,None
1634.jpg,None
1635.jpg,None
1636.jpg,None
1638.jpg,None
1639.jpg,None
164.jpg,None
1640.jpg,None
1641.jpg,None
1642.jpg,None
1643.jpg,None
1644.jpg,None
1645.jpg,None
1646.jpg,None
1647.jpg,None
1648.jpg,None
1649.jpg,None
165.jpg,None
1650.jpg,None
1651.jpg,None
1652.jpg,None
1653.jpg,None
1654.jpg,None
1655.jpg,None
1656.jpg,None
1657.jpg,None
1658.jpg,None
1659.jpg,None
166.jpg,None
1660.jpg,None
1661.jpg,None
1662.jpg,None
1663.jpg,None
1664.jpg,None
1665.jpg,None
1666.jpg,None
1667.jpg,None
1668.jpg,None
1669.jpg,None
167.jpg,None
1670.jpg,None
1671.jpg,None
1672.jpg,None
1673.jpg,None
1674.jpg,None
1675.jpg,None
1676.jpg,None
1677.jpg,None
1678.jpg,None
1679.jpg,None
1680.jpg,None
1681.jpg,None
1682.jpg,None
1683.jpg,None
1684.jpg,None
1685.jpg,None
1686.jpg,None
1687.jpg,None
1688.jpg,None
1689.jpg,None
169.jpg,None
1690.jpg,None
1691.jpg,None
1692.jpg,None
1693.jpg,None
1694.jpg,None
1695.jpg,None
1696.jpg,None
1697.jpg,None
1698.jpg,None
1699.jpg,None
17.jpg,None
1700.jpg,None
1701.jpg,None
1703.jpg,None
1704.jpg,None
1706.jpg,None
1707.jpg,None
1708.jpg,None
1709.jpg,None
171.jpg,None
1710.jpg,None
1712.jpg,None
1713.jpg,None
1715.jpg,None
1716.jpg,None
1717.jpg,None
1718.jpg,None
172.jpg,None
1720.jpg,None
1721.jpg,None
1722.jpg,None
1723.jpg,None
1724.jpg,None
1725.jpg,None
1726.jpg,None
1727.jpg,None
1728.jpg,None
1729.jpg,None
173.jpg,None
1730.jpg,None
1731.jpg,None
1732.jpg,None
1733.jpg,None
1734.jpg,None
1735.jpg,None
1736.jpg,None
1737.jpg,None
1738.jpg,None
1739.jpg,None
174.jpg,None
1740.jpg,None
1741.jpg,None
1742.jpg,None
1743.jpg,None
1744.jpg,None
1745.jpg,None
1746.jpg,None
1747.jpg,None
1748.jpg,None
175.jpg,None
1750.jpg,None
1751.jpg,None
1752.jpg,None
1753.jpg,None
1754.jpg,None
1755.jpg,None
1756.jpg,None
1757.jpg,None
1758.jpg,None
1759.jpg,None
176.jpg,None
1760.jpg,None
1761.jpg,None
1762.jpg,None
1763.jpg,None
1764.jpg,None
1765.jpg,None
1766.jpg,None
1767.jpg,None
1768.jpg,None
1769.jpg,None
177.jpg,None
1770.jpg,None
1771.jpg,None
1772.jpg,None
1773.jpg,None
1774.jpg,None
1775.jpg,None
1776.jpg,None
1777.jpg,None
1778.jpg,None
1779.jpg,None
178.jpg,None
1780.jpg,None
1781.jpg,None
1783.jpg,None
1784.jpg,None
1785.jpg,None
1786.jpg,None
1787.jpg,None
1788.jpg,None
1789.jpg,None
179.jpg,None
1790.jpg,None
1791.jpg,None
1792.jpg,None
1793.jpg,None
1794.jpg,None
1795.jpg,None
1796.jpg,None
1797.jpg,None
1798.jpg,None
1799.jpg,None
18.jpg,None
180.jpg,None
1800.jpg,None
1801.jpg,None
1802.jpg,None
1803.jpg,None
1804.jpg,None
1805.jpg,None
1806.jpg,None
1807.jpg,None
1808.jpg,None
1809.jpg,None
181.jpg,None
1810.jpg,None
1811.jpg,None
1812.jpg,None
1813.jpg,None
1814.jpg,None
1815.jpg,None
1816.jpg,None
1817.jpg,None
1818.jpg,None
1819.jpg,None
182.jpg,None
1820.jpg,None
1821.jpg,None
1822.jpg,None
1823.jpg,None
1824.jpg,None
1825.jpg,None
1826.jpg,None
1827.jpg,None
1828.jpg,None
1829.jpg,None
183.jpg,None
1830.jpg,None
1831.jpg,None
1833.jpg,None
1834.jpg,None
1836.jpg,None
1838.jpg,None
1839.jpg,None
184.jpg,None
1840.jpg,None
1841.jpg,None
1842.jpg,None
1843.jpg,None
1844.jpg,None
1845.jpg,None
1846.jpg,None
1847.jpg,None
1848.jpg,None
1849.jpg,None
185.jpg,None
1850.jpg,None
1851.jpg,None
1852.jpg,None
1853.jpg,None
1854.jpg,None
1855.jpg,None
1856.jpg,None
1857.jpg,None
1858.jpg,None
186.jpg,None
1860.jpg,None
1861.jpg,None
1862.jpg,None
1863.jpg,None
1864.jpg,None
1865.jpg,None
1866.jpg,None
1867.jpg,None
1868.jpg,None
1869.jpg,None
187.jpg,None
1870.jpg,None
1871.jpg,None
1872.jpg,None
1873.jpg,None
1874.jpg,None
1875.jpg,None
1876.jpg,None
1877.jpg,None
1878.jpg,None
1879.jpg,None
188.jpg,None
1880.jpg,None
1881.jpg,None
1882.jpg,None
1883.jpg,None
1884.jpg,None
1885.jpg,None
1886.jpg,None
1887.jpg,None
1888.jpg,None
1889.jpg,None
189.jpg,None
1890.jpg,None
1891.jpg,None
1892.jpg,None
1893.jpg,None
1894.jpg,None
1895.jpg,None
1896.jpg,None
1897.jpg,None
1898.jpg,None
1899.jpg,None
19.jpg,None
190.jpg,None
1900.jpg,None
1901.jpg,None
1902.jpg,None
1903.jpg,None
1904.jpg,None
1906.jpg,None
1907.jpg,None
1908.jpg,None
1909.jpg,None
191.jpg,None
1910.jpg,None
1911.jpg,None
1912.jpg,None
1913.jpg,None
1914.jpg,None
1915.jpg,None
1916.jpg,None
1917.jpg,None
1918.jpg,None
1919.jpg,None
192.jpg,None
1920.jpg,None
1921.jpg,None
1923.jpg,None
1924.jpg,None
1925.jpg,None
1926.jpg,None
1927.jpg,None
1928.jpg,None
1929.jpg,None
193.jpg,None
1930.jpg,None
1931.jpg,None
1932.jpg,None
1933.jpg,None
1934.jpg,None
1935.jpg,None
1936.jpg,None
1937.jpg,None
1938.jpg,None
1939.jpg,None
194.jpg,None
1940.jpg,None
1941.jpg,None
1942.jpg,None
1943.jpg,None
1944.jpg,None
1945.jpg,None
1946.jpg,None
1947.jpg,None
1948.jpg,None
1949.jpg,None
195.jpg,None
1950.jpg,None
1951.jpg,None
1952.jpg,None
1953.jpg,None
1954.jpg,None
1955.jpg,None
1956.jpg,None
1957.jpg,None
1958.jpg,None
1959.jpg,None
196.jpg,None
1960.jpg,None
1961.jpg,None
1962.jpg,None
1963.jpg,None
1964.jpg,None
1965.jpg,None
1966.jpg,None
1967.jpg,None
1968.jpg,None
1969.jpg,None
197.jpg,None
1970.jpg,None
1971.jpg,None
1972.jpg,None
1973.jpg,None
1974.jpg,None
1975.jpg,None
1976.jpg,None
1977.jpg,None
1978.jpg,None
1979.jpg,None
1980.jpg,None
1981.jpg,None
1983.jpg,None
1984.jpg,None
1985.jpg,None
1986.jpg,None
1987.jpg,None
1988.jpg,None
1989.jpg,None
199.jpg,None
1990.jpg,None
1991.jpg,None
1992.jpg,None
1993.jpg,None
1994.jpg,None
1995.jpg,None
1996.jpg,None
1997.jpg,None
1998.jpg,None
1999.jpg,None
2.jpg,None
20.jpg,None
200.jpg,None
2000.jpg,None
2001.jpg,None
2002.jpg,None
2003.jpg,None
2004.jpg,None
2005.jpg,None
2006.jpg,None
2007.jpg,None
2008.jpg,None
2009.jpg,None
201.jpg,None
2010.jpg,None
2011.jpg,None
2012.jpg,None
2013.jpg,None
2014.jpg,None
2015.jpg,None
2016.jpg,None
2017.jpg,None
2018.jpg,None
202.jpg,None
2020.jpg,None
2021.jpg,None
2022.jpg,None
2023.jpg,None
2024.jpg,None
2025.jpg,None
2026.jpg,None
2027.jpg,None
2029.jpg,None
203.jpg,None
2030.jpg,None
2031.jpg,None
2032.jpg,None
2033.jpg,None
2034.jpg,None
2035.jpg,None
2036.jpg,None
2037.jpg,None
2039.jpg,None
204.jpg,None
2040.jpg,None
2041.jpg,None
2042.jpg,None
2043.jpg,None
2044.jpg,None
2046.jpg,None
2047.jpg,None
2048.jpg,None
2049.jpg,None
205.jpg,None
2050.jpg,None
2051.jpg,None
2054.jpg,None
2055.jpg,None
2057.jpg,None
2058.jpg,None
2059.jpg,None
206.jpg,None
2060.jpg,None
2061.jpg,None
2062.jpg,None
2063.jpg,None
2064.jpg,None
2065.jpg,None
2067.jpg,None
2068.jpg,None
2069.jpg,None
207.jpg,None
2070.jpg,None
2071.jpg,None
2072.jpg,None
2073.jpg,None
2075.jpg,None
2076.jpg,None
2077.jpg,None
2078.jpg,None
2079.jpg,None
208.jpg,None
2080.jpg,None
2081.jpg,None
2082.jpg,None
2083.jpg,None
2084.jpg,None
2085.jpg,None
2086.jpg,None
2088.jpg,None
209.jpg,None
2090.jpg,None
2091.jpg,None
2092.jpg,None
2094.jpg,None
2096.jpg,None
2097.jpg,None
2098.jpg,None
2099.jpg,None
21.jpg,None
2100.jpg,None
2101.jpg,None
2102.jpg,None
2103.jpg,None
2104.jpg,None
2105.jpg,None
2107.jpg,None
2108.jpg,None
2109.jpg,None
211.jpg,None
2110.jpg,None
2111.jpg,None
2112.jpg,None
2113.jpg,None
2114.jpg,None
2115.jpg,None
2116.jpg,None
2117.jpg,None
2118.jpg,None
2119.jpg,None
212.jpg,None
2120.jpg,None
2121.jpg,None
2122.jpg,None
2124.jpg,None
2125.jpg,None
2127.jpg,None
2128.jpg,None
2129.jpg,None
213.jpg,None
2130.jpg,None
2131.jpg,None
2132.jpg,None
2133.jpg,None
2134.jpg,None
2135.jpg,None
2136.jpg,None
2137.jpg,None
2138.jpg,None
2139.jpg,None
214.jpg,None
2140.jpg,None
2141.jpg,None
2142.jpg,None
2143.jpg,None
2144.jpg,None
2145.jpg,None
2146.jpg,None
2147.jpg,None
2148.jpg,None
2149.jpg,None
215.jpg,None
2150.jpg,None
2151.jpg,None
2152.jpg,None
2153.jpg,None
2154.jpg,None
2155.jpg,None
2156.jpg,None
2157.jpg,None
2158.jpg,None
216.jpg,None
2160.jpg,None
2161.jpg,None
2162.jpg,None
2163.jpg,None
2164.jpg,None
2165.jpg,None
2166.jpg,None
2167.jpg,None
2168.jpg,None
2169.jpg,None
2170.jpg,None
2171.jpg,None
2172.jpg,None
2173.jpg,None
2174.jpg,None
2175.jpg,None
2176.jpg,None
2177.jpg,None
2178.jpg,None
2179.jpg,None
218.jpg,None
2180.jpg,None
2181.jpg,None
2182.jpg,None
2183.jpg,None
2184.jpg,None
2185.jpg,None
2186.jpg,None
2187.jpg,None
2188.jpg,None
2189.jpg,None
219.jpg,None
2190.jpg,None
2191.jpg,None
2192.jpg,None
2193.jpg,None
2194.jpg,None
2195.jpg,None
2197.jpg,None
2198.jpg,None
2199.jpg,None
22.jpg,None
2201.jpg,None
2202.jpg,None
2203.jpg,None
2204.jpg,None
2205.jpg,None
2208.jpg,None
2209.jpg,None
221.jpg,None
2210.jpg,None
2211.jpg,None
2212.jpg,None
2213.jpg,None
2214.jpg,None
2215.jpg,None
2217.jpg,None
2218.jpg,None
2219.jpg,None
222.jpg,None
2220.jpg,None
2221.jpg,None
2222.jpg,None
2223.jpg,None
2224.jpg,None
2225.jpg,None
2226.jpg,None
2227.jpg,None
2228.jpg,None
2229.jpg,None
223.jpg,None
2230.jpg,None
2231.jpg,None
2232.jpg,None
2233.jpg,None
2235.jpg,None
2236.jpg,None
2238.jpg,None
2239.jpg,None
224.jpg,None
2240.jpg,None
2241.jpg,None
2242.jpg,None
2243.jpg,None
2244.jpg,None
2245.jpg,None
2246.jpg,None
2247.jpg,None
2248.jpg,None
2249.jpg,None
225.jpg,None
2250.jpg,None
2251.jpg,None
2252.jpg,None
2253.jpg,None
2254.jpg,None
2255.jpg,None
2256.jpg,None
2257.jpg,None
2258.jpg,None
2259.jpg,None
226.jpg,None
2260.jpg,None
2261.jpg,None
2262.jpg,None
2263.jpg,None
2264.jpg,None
2265.jpg,None
2266.jpg,None
2267.jpg,None
2268.jpg,None
2269.jpg,None
227.jpg,None
2270.jpg,None
2271.jpg,None
2272.jpg,None
2273.jpg,None
2274.jpg,None
2276.jpg,None
2277.jpg,None
2278.jpg,None
2279.jpg,None
228.jpg,None
2280.jpg,None
2281.jpg,None
2282.jpg,None
2283.jpg,None
2284.jpg,None
2285.jpg,None
2286.jpg,None
2287.jpg,None
2288.jpg,None
2289.jpg,None
229.jpg,None
2290.jpg,None
2291.jpg,None
2292.jpg,None
2293.jpg,None
2294.jpg,None
2295.jpg,None
2296.jpg,None
2297.jpg,None
2298.jpg,None
2299.jpg,None
23.jpg,None
230.jpg,None
2300.jpg,None
2301.jpg,None
2302.jpg,None
2303.jpg,None
2304.jpg,None
2305.jpg,None
2306.jpg,None
2307.jpg,None
231.jpg,None
2310.jpg,None
2311.jpg,None
2312.jpg,None
2313.jpg,None
2314.jpg,None
2315.jpg,None
2316.jpg,None
2317.jpg,None
2318.jpg,None
2319.jpg,None
232.jpg,None
2320.jpg,None
2321.jpg,None
2322.jpg,None
2323.jpg,None
2324.jpg,None
2325.jpg,None
2327.jpg,None
2328.jpg,None
2329.jpg,None
233.jpg,None
2330.jpg,None
2331.jpg,None
2332.jpg,None
2333.jpg,None
2334.jpg,None
2335.jpg,None
2336.jpg,None
2337.jpg,None
2338.jpg,None
2339.jpg,None
234.jpg,None
2340.jpg,None
2341.jpg,None
2342.jpg,None
2343.jpg,None
2344.jpg,None
2345.jpg,None
2346.jpg,None
2347.jpg,None
2348.jpg,None
2349.jpg,None
235.jpg,None
2350.jpg,None
2351.jpg,None
2352.jpg,None
2353.jpg,None
2354.jpg,None
2355.jpg,None
2356.jpg,None
2357.jpg,None
2358.jpg,None
2359.jpg,None
236.jpg,None
2360.jpg,None
2361.jpg,None
2362.jpg,None
2363.jpg,None
2364.jpg,None
2365.jpg,None
2366.jpg,None
2367.jpg,None
2368.jpg,None
2369.jpg,None
237.jpg,None
2370.jpg,None
2371.jpg,None
2372.jpg,None
2373.jpg,None
2374.jpg,None
2375.jpg,None
2376.jpg,None
2378.jpg,None
2379.jpg,None
238.jpg,None
2380.jpg,None
2381.jpg,None
2382.jpg,None
2383.jpg,None
2384.jpg,None
2385.jpg,None
2386.jpg,None
2387.jpg,None
2388.jpg,None
2389.jpg,None
239.jpg,None
2390.jpg,None
2391.jpg,None
2392.jpg,None
2393.jpg,None
2394.jpg,None
2395.jpg,None
2396.jpg,None
2397.jpg,None
2398.jpg,None
2399.jpg,None
24.jpg,None
240.jpg,None
2400.jpg,None
2401.jpg,None
2402.jpg,None
2403.jpg,None
2404.jpg,None
2405.jpg,None
2406.jpg,None
2407.jpg,None
2408.jpg,None
2409.jpg,None
241.jpg,None
2410.jpg,None
2411.jpg,None
2412.jpg,None
2413.jpg,None
2414.jpg,None
2415.jpg,None
2416.jpg,None
2417.jpg,None
2418.jpg,None
2419.jpg,None
242.jpg,None
2420.jpg,None
2421.jpg,None
2422.jpg,None
2424.jpg,None
2425.jpg,None
2426.jpg,None
2427.jpg,None
2428.jpg,None
2429.jpg,None
243.jpg,None
2430.jpg,None
2431.jpg,None
2432.jpg,None
2433.jpg,None
2434.jpg,None
2435.jpg,None
2437.jpg,None
2438.jpg,None
244.jpg,None
2440.jpg,None
2441.jpg,None
2442.jpg,None
2443.jpg,None
2444.jpg,None
2445.jpg,None
2446.jpg,None
2447.jpg,None
2448.jpg,None
2449.jpg,None
245.jpg,None
2450.jpg,None
2451.jpg,None
2452.jpg,None
2453.jpg,None
2454.jpg,None
2455.jpg,None
2456.jpg,None
2457.jpg,None
2458.jpg,None
2459.jpg,None
246.jpg,None
2460.jpg,None
2462.jpg,None
2463.jpg,None
2464.jpg,None
2465.jpg,None
2466.jpg,None
2467.jpg,None
2468.jpg,None
2469.jpg,None
247.jpg,None
2470.jpg,None
2471.jpg,None
2472.jpg,None
2473.jpg,None
2475.jpg,None
2476.jpg,None
2477.jpg,None
2478.jpg,None
2479.jpg,None
248.jpg,None
2480.jpg,None
2481.jpg,None
2482.jpg,None
2483.jpg,None
2484.jpg,None
2485.jpg,None
2486.jpg,None
2487.jpg,None
2488.jpg,None
2489.jpg,None
2490.jpg,None
2491.jpg,None
2492.jpg,None
2494.jpg,None
2495.jpg,None
2496.jpg,None
2497.jpg,None
2498.jpg,None
2499.jpg,None
25.jpg,None
250.jpg,None
2500.jpg,None
2501.jpg,None
2504.jpg,None
2506.jpg,None
2507.jpg,None
2508.jpg,None
2509.jpg,None
251.jpg,None
2510.jpg,None
2511.jpg,None
2512.jpg,None
2513.jpg,None
2514.jpg,None
2515.jpg,None
2516.jpg,None
2517.jpg,None
2518.jpg,None
2519.jpg,None
252.jpg,None
2520.jpg,None
2521.jpg,None
2522.jpg,None
2523.jpg,None
2524.jpg,None
2525.jpg,None
2526.jpg,None
2527.jpg,None
2528.jpg,None
2529.jpg,None
253.jpg,None
2530.jpg,None
2531.jpg,None
2532.jpg,None
2533.jpg,None
2534.jpg,None
2535.jpg,None
2536.jpg,None
2537.jpg,None
2538.jpg,None
2539.jpg,None
254.jpg,None
2540.jpg,None
2541.jpg,None
2542.jpg,None
2543.jpg,None
2544.jpg,None
2545.jpg,None
2546.jpg,None
2547.jpg,None
2548.jpg,None
2549.jpg,None
255.jpg,None
2550.jpg,None
2551.jpg,None
2552.jpg,None
2553.jpg,None
2554.jpg,None
2555.jpg,None
2556.jpg,None
2557.jpg,None
2558.jpg,None
2559.jpg,None
256.jpg,None
2560.jpg,None
2561.jpg,None
2562.jpg,None
2563.jpg,None
2564.jpg,None
2565.jpg,None
2566.jpg,None
2568.jpg,None
2569.jpg,None
257.jpg,None
2570.jpg,None
2571.jpg,None
2572.jpg,None
2573.jpg,None
2574.jpg,None
2576.jpg,None
2577.jpg,None
2578.jpg,None
2579.jpg,None
258.jpg,None
2580.jpg,None
2582.jpg,None
2583.jpg,None
2584.jpg,None
2585.jpg,None
2586.jpg,None
2587.jpg,None
2588.jpg,None
2589.jpg,None
259.jpg,None
2590.jpg,None
2591.jpg,None
2592.jpg,None
2593.jpg,None
2594.jpg,None
2595.jpg,None
2596.jpg,None
2597.jpg,None
2598.jpg,None
2599.jpg,None
26.jpg,None
260.jpg,None
2600.jpg,None
2601.jpg,None
2602.jpg,None
2603.jpg,None
2604.jpg,None
2605.jpg,None
2606.jpg,None
2608.jpg,None
2609.jpg,None
261.jpg,None
2610.jpg,None
2611.jpg,None
2612.jpg,None
2613.jpg,None
2614.jpg,None
2615.jpg,None
2616.jpg,None
2617.jpg,None
2618.jpg,None
2619.jpg,None
2620.jpg,None
2621.jpg,None
2622.jpg,None
2623.jpg,None
2624.jpg,None
2625.jpg,None
2626.jpg,None
2627.jpg,None
2628.jpg,None
2629.jpg,None
263.jpg,None
2630.jpg,None
2631.jpg,None
2633.jpg,None
2634.jpg,None
2635.jpg,None
2636.jpg,None
2637.jpg,None
2638.jpg,None
2639.jpg,None
264.jpg,None
2640.jpg,None
2641.jpg,None
2642.jpg,None
2643.jpg,None
2644.jpg,None
2645.jpg,None
2646.jpg,None
2647.jpg,None
2648.jpg,None
2649.jpg,None
265.jpg,None
2651.jpg,None
2652.jpg,None
2653.jpg,None
2654.jpg,None
2655.jpg,None
2656.jpg,None
2657.jpg,None
2658.jpg,None
2659.jpg,None
266.jpg,None
2660.jpg,None
2661.jpg,None
2662.jpg,None
2663.jpg,None
2664.jpg,None
2665.jpg,None
2666.jpg,None
2667.jpg,None
2668.jpg,None
2669.jpg,None
267.jpg,None
2670.jpg,None
2671.jpg,None
2672.jpg,None
2673.jpg,None
2674.jpg,None
2675.jpg,None
2676.jpg,None
2677.jpg,None
2678.jpg,None
2679.jpg,None
268.jpg,None
2680.jpg,None
2681.jpg,None
2682.jpg,None
2683.jpg,None
2684.jpg,None
2685.jpg,None
2686.jpg,None
2688.jpg,None
2689.jpg,None
269.jpg,None
2690.jpg,None
2691.jpg,None
2692.jpg,None
2693.jpg,None
2694.jpg,None
2695.jpg,None
2696.jpg,None
2697.jpg,None
2698.jpg,None
27.jpg,None
2700.jpg,None
2701.jpg,None
2702.jpg,None
2703.jpg,None
2704.jpg,None
2705.jpg,None
2706.jpg,None
2707.jpg,None
2708.jpg,None
2709.jpg,None
271.jpg,None
2710.jpg,None
2711.jpg,None
2712.jpg,None
2713.jpg,None
2714.jpg,None
2715.jpg,None
2716.jpg,None
2717.jpg,None
2719.jpg,None
272.jpg,None
2720.jpg,None
2721.jpg,None
2724.jpg,None
2725.jpg,None
2726.jpg,None
2727.jpg,None
2728.jpg,None
2729.jpg,None
2730.jpg,None
2731.jpg,None
2732.jpg,None
2733.jpg,None
2734.jpg,None
2736.jpg,None
2737.jpg,None
2738.jpg,None
2739.jpg,None
2740.jpg,None
2741.jpg,None
2742.jpg,None
2743.jpg,None
2744.jpg,None
2745.jpg,None
2746.jpg,None
2747.jpg,None
2749.jpg,None
275.jpg,None
2750.jpg,None
2751.jpg,None
2752.jpg,None
2753.jpg,None
2754.jpg,None
2756.jpg,None
2758.jpg,None
2759.jpg,None
2760.jpg,None
2762.jpg,None
2763.jpg,None
2764.jpg,None
2765.jpg,None
2766.jpg,None
2767.jpg,None
2768.jpg,None
2769.jpg,None
277.jpg,None
2770.jpg,None
2771.jpg,None
2772.jpg,None
2773.jpg,None
2774.jpg,None
2775.jpg,None
2777.jpg,None
2778.jpg,None
2779.jpg,None
278.jpg,None
2780.jpg,None
2781.jpg,None
2782.jpg,None
2783.jpg,None
2784.jpg,None
2785.jpg,None
2786.jpg,None
2787.jpg,None
2788.jpg,None
2789.jpg,None
2790.jpg,None
2791.jpg,None
2792.jpg,None
2793.jpg,None
2794.jpg,None
2795.jpg,None
2798.jpg,None
2799.jpg,None
28.jpg,None
2800.jpg,None
2801.jpg,None
2802.jpg,None
2803.jpg,None
2804.jpg,None
2805.jpg,None
2806.jpg,None
2807.jpg,None
2808.jpg,None
2809.jpg,None
281.jpg,None
2810.jpg,None
2811.jpg,None
2815.jpg,None
2816.jpg,None
2817.jpg,None
2818.jpg,None
2819.jpg,None
282.jpg,None
2821.jpg,None
2822.jpg,None
2823.jpg,None
2824.jpg,None
2825.jpg,None
2826.jpg,None
2827.jpg,None
2828.jpg,None
2829.jpg,None
283.jpg,None
2830.jpg,None
2831.jpg,None
2832.jpg,None
2833.jpg,None
2834.jpg,None
2835.jpg,None
2836.jpg,None
2837.jpg,None
2838.jpg,None
2839.jpg,None
284.jpg,None
2840.jpg,None
2843.jpg,None
2844.jpg,None
2845.jpg,None
2846.jpg,None
2847.jpg,None
2848.jpg,None
2849.jpg,None
285.jpg,None
2850.jpg,None
2851.jpg,None
2852.jpg,None
2853.jpg,None
2854.jpg,None
2855.jpg,None
2856.jpg,None
2857.jpg,None
2858.jpg,None
286.jpg,None
2860.jpg,None
2861.jpg,None
2862.jpg,None
2863.jpg,None
2864.jpg,None
2865.jpg,None
2866.jpg,None
2867.jpg,None
2869.jpg,None
287.jpg,None
2870.jpg,None
2871.jpg,None
2872.jpg,None
2873.jpg,None
2874.jpg,None
2875.jpg,None
2876.jpg,None
2877.jpg,None
2878.jpg,None
2879.jpg,None
288.jpg,None
2880.jpg,None
2881.jpg,None
2882.jpg,None
2883.jpg,None
2884.jpg,None
2885.jpg,None
2886.jpg,None
2887.jpg,None
2888.jpg,None
2889.jpg,None
289.jpg,None
2890.jpg,None
2892.jpg,None
2893.jpg,None
2894.jpg,None
2895.jpg,None
2896.jpg,None
2897.jpg,None
2898.jpg,None
2899.jpg,None
29.jpg,None
290.jpg,None
2901.jpg,None
2902.jpg,None
2903.jpg,None
2905.jpg,None
2906.jpg,None
2907.jpg,None
2908.jpg,None
2909.jpg,None
291.jpg,None
2910.jpg,None
2911.jpg,None
2912.jpg,None
2913.jpg,None
2914.jpg,None
2915.jpg,None
2916.jpg,None
2917.jpg,None
2918.jpg,None
2919.jpg,None
292.jpg,None
2920.jpg,None
2921.jpg,None
2922.jpg,None
2923.jpg,None
2924.jpg,None
2925.jpg,None
2926.jpg,None
2927.jpg,None
2928.jpg,None
2929.jpg,None
293.jpg,None
2931.jpg,None
2932.jpg,None
2933.jpg,None
2934.jpg,None
2935.jpg,None
2936.jpg,None
2937.jpg,None
2938.jpg,None
2939.jpg,None
294.jpg,None
2940.jpg,None
2941.jpg,None
2942.jpg,None
2943.jpg,None
2944.jpg,None
2945.jpg,None
2946.jpg,None
2947.jpg,None
2948.jpg,None
2949.jpg,None
295.jpg,None
2950.jpg,None
2951.jpg,None
2952.jpg,None
2953.jpg,None
2954.jpg,None
2955.jpg,None
2956.jpg,None
2957.jpg,None
2958.jpg,None
2959.jpg,None
296.jpg,None
2960.jpg,None
2961.jpg,None
2962.jpg,None
2963.jpg,None
2964.jpg,None
2965.jpg,None
2966.jpg,None
2967.jpg,None
2968.jpg,None
2969.jpg,None
297.jpg,None
2970.jpg,None
2971.jpg,None
2972.jpg,None
2973.jpg,None
2974.jpg,None
2975.jpg,None
2976.jpg,None
2977.jpg,None
2978.jpg,None
298.jpg,None
2980.jpg,None
2982.jpg,None
2983.jpg,None
2984.jpg,None
2985.jpg,None
2986.jpg,None
2987.jpg,None
2988.jpg,None
2989.jpg,None
299.jpg,None
2990.jpg,None
2991.jpg,None
2992.jpg,None
2993.jpg,None
2994.jpg,None
2997.jpg,None
2998.jpg,None
2999.jpg,None
3.jpg,None
30.jpg,None
300.jpg,None
3000.jpg,None
3001.jpg,None
3002.jpg,None
3003.jpg,None
3004.jpg,None
3005.jpg,None
3006.jpg,None
3007.jpg,None
3008.jpg,None
3009.jpg,None
301.jpg,None
3010.jpg,None
3011.jpg,None
3012.jpg,None
3013.jpg,None
3014.jpg,None
3015.jpg,None
3016.jpg,None
3017.jpg,None
3018.jpg,None
3019.jpg,None
302.jpg,None
3020.jpg,None
3021.jpg,None
3022.jpg,None
3023.jpg,None
3025.jpg,None
3026.jpg,None
3027.jpg,None
3029.jpg,None
303.jpg,None
3030.jpg,None
3031.jpg,None
3032.jpg,None
3033.jpg,None
3034.jpg,None
3035.jpg,None
3036.jpg,None
3037.jpg,None
3038.jpg,None
304.jpg,None
3040.jpg,None
3041.jpg,None
3042.jpg,None
3043.jpg,None
3044.jpg,None
3045.jpg,None
3046.jpg,None
3047.jpg,None
3048.jpg,None
3049.jpg,None
305.jpg,None
3050.jpg,None
3051.jpg,None
3052.jpg,None
3053.jpg,None
3054.jpg,None
3055.jpg,None
3056.jpg,None
3057.jpg,None
3058.jpg,None
3059.jpg,None
3060.jpg,None
3061.jpg,None
3062.jpg,None
3064.jpg,None
3065.jpg,None
3066.jpg,None
3067.jpg,None
3068.jpg,None
3069.jpg,None
307.jpg,None
3070.jpg,None
3071.jpg,None
3072.jpg,None
3073.jpg,None
3074.jpg,None
3075.jpg,None
3076.jpg,None
3077.jpg,None
3078.jpg,None
3079.jpg,None
308.jpg,None
3080.jpg,None
3081.jpg,None
3082.jpg,None
3083.jpg,None
3084.jpg,None
3085.jpg,None
3086.jpg,None
3088.jpg,None
3089.jpg,None
309.jpg,None
3090.jpg,None
3091.jpg,None
3092.jpg,None
3093.jpg,None
3095.jpg,None
3096.jpg,None
3097.jpg,None
3098.jpg,None
3099.jpg,None
31.jpg,None
310.jpg,None
3100.jpg,None
3101.jpg,None
3102.jpg,None
3103.jpg,None
3104.jpg,None
3105.jpg,None
3106.jpg,None
3107.jpg,None
3108.jpg,None
3109.jpg,None
311.jpg,None
3110.jpg,None
3111.jpg,None
3112.jpg,None
3113.jpg,None
3114.jpg,None
3115.jpg,None
3116.jpg,None
3117.jpg,None
3118.jpg,None
3119.jpg,None
3120.jpg,None
3121.jpg,None
3123.jpg,None
3124.jpg,None
3125.jpg,None
3126.jpg,None
3127.jpg,None
3128.jpg,None
3129.jpg,None
313.jpg,None
3130.jpg,None
3131.jpg,None
3132.jpg,None
3133.jpg,None
3134.jpg,None
3135.jpg,None
3136.jpg,None
3137.jpg,None
3138.jpg,None
3139.jpg,None
314.jpg,None
3140.jpg,None
3141.jpg,None
3142.jpg,None
3143.jpg,None
3144.jpg,None
3145.jpg,None
3146.jpg,None
3147.jpg,None
3148.jpg,None
3149.jpg,None
315.jpg,None
3150.jpg,None
3151.jpg,None
3152.jpg,None
3153.jpg,None
3154.jpg,None
3155.jpg,None
3156.jpg,None
3157.jpg,None
3158.jpg,None
3159.jpg,None
316.jpg,None
3160.jpg,None
3161.jpg,None
3162.jpg,None
3163.jpg,None
3164.jpg,None
3166.jpg,None
3167.jpg,None
3168.jpg,None
3169.jpg,None
317.jpg,None
3170.jpg,None
3171.jpg,None
3172.jpg,None
3173.jpg,None
3174.jpg,None
3175.jpg,None
3176.jpg,None
3177.jpg,None
3178.jpg,None
3179.jpg,None
318.jpg,None
3180.jpg,None
3182.jpg,None
3184.jpg,None
3185.jpg,None
3186.jpg,None
3187.jpg,None
319.jpg,None
3190.jpg,None
3191.jpg,None
3192.jpg,None
3193.jpg,None
3194.jpg,None
3195.jpg,None
3196.jpg,None
3197.jpg,None
3198.jpg,None
3199.jpg,None
32.jpg,None
320.jpg,None
3200.jpg,None
3201.jpg,None
3202.jpg,None
3203.jpg,None
3204.jpg,None
3205.jpg,None
3206.jpg,None
3207.jpg,None
3208.jpg,None
3209.jpg,None
321.jpg,None
3210.jpg,None
3211.jpg,None
3212.jpg,None
3213.jpg,None
3214.jpg,None
3215.jpg,None
3216.jpg,None
3217.jpg,None
3218.jpg,None
3219.jpg,None
322.jpg,None
3220.jpg,None
3221.jpg,None
3222.jpg,None
3223.jpg,None
3224.jpg,None
3225.jpg,None
3226.jpg,None
3227.jpg,None
3228.jpg,None
3229.jpg,None
323.jpg,None
3232.jpg,None
3233.jpg,None
3234.jpg,None
3235.jpg,None
3236.jpg,None
3237.jpg,None
3238.jpg,None
3239.jpg,None
324.jpg,None
3240.jpg,None
3241.jpg,None
3242.jpg,None
3243.jpg,None
3244.jpg,None
3245.jpg,None
3246.jpg,None
3247.jpg,None
3248.jpg,None
3249.jpg,None
325.jpg,None
3250.jpg,None
3253.jpg,None
3254.jpg,None
3255.jpg,None
3256.jpg,None
3257.jpg,None
3258.jpg,None
3259.jpg,None
326.jpg,None
3260.jpg,None
3261.jpg,None
3262.jpg,None
3263.jpg,None
3264.jpg,None
3265.jpg,None
3266.jpg,None
3267.jpg,None
3268.jpg,None
3269.jpg,None
327.jpg,None
3270.jpg,None
3271.jpg,None
3273.jpg,None
3274.jpg,None
3275.jpg,None
3276.jpg,None
3277.jpg,None
3278.jpg,None
3279.jpg,None
328.jpg,None
3280.jpg,None
3281.jpg,None
3282.jpg,None
3283.jpg,None
3284.jpg,None
3285.jpg,None
3286.jpg,None
3287.jpg,None
3288.jpg,None
3289.jpg,None
329.jpg,None
3290.jpg,None
3291.jpg,None
3292.jpg,None
3293.jpg,None
3294.jpg,None
3295.jpg,None
3296.jpg,None
3297.jpg,None
3298.jpg,None
3299.jpg,None
33.jpg,None
330.jpg,None
3300.jpg,None
3301.jpg,None
3302.jpg,None
3303.jpg,None
3304.jpg,None
3305.jpg,None
3306.jpg,None
3307.jpg,None
3308.jpg,None
3309.jpg,None
331.jpg,None
3310.jpg,None
3311.jpg,None
3312.jpg,None
3313.jpg,None
3314.jpg,None
3315.jpg,None
3317.jpg,None
3319.jpg,None
332.jpg,None
3320.jpg,None
3321.jpg,None
3322.jpg,None
3323.jpg,None
3324.jpg,None
3325.jpg,None
3326.jpg,None
3327.jpg,None
3328.jpg,None
3329.jpg,None
333.jpg,None
3330.jpg,None
3332.jpg,None
3333.jpg,None
3334.jpg,None
3335.jpg,None
3337.jpg,None
3338.jpg,None
3339.jpg,None
334.jpg,None
3340.jpg,None
3341.jpg,None
3342.jpg,None
3343.jpg,None
3344.jpg,None
3345.jpg,None
3346.jpg,None
3347.jpg,None
335.jpg,None
3350.jpg,None
3351.jpg,None
3352.jpg,None
3353.jpg,None
3354.jpg,None
3355.jpg,None
3356.jpg,None
3357.jpg,None
3358.jpg,None
3359.jpg,None
336.jpg,None
3360.jpg,None
3361.jpg,None
3362.jpg,None
3363.jpg,None
3364.jpg,None
3365.jpg,None
3366.jpg,None
3367.jpg,None
3368.jpg,None
3369.jpg,None
337.jpg,None
3370.jpg,None
3371.jpg,None
3372.jpg,None
3373.jpg,None
3374.jpg,None
3375.jpg,None
3376.jpg,None
3377.jpg,None
3379.jpg,None
338.jpg,None
3381.jpg,None
3382.jpg,None
3383.jpg,None
3384.jpg,None
3385.jpg,None
3386.jpg,None
3387.jpg,None
3388.jpg,None
3389.jpg,None
339.jpg,None
3390.jpg,None
3391.jpg,None
3393.jpg,None
3394.jpg,None
3395.jpg,None
3396.jpg,None
3397.jpg,None
3399.jpg,None
34.jpg,None
3400.jpg,None
3401.jpg,None
3402.jpg,None
3403.jpg,None
3404.jpg,None
3405.jpg,None
3406.jpg,None
3407.jpg,None
3408.jpg,None
3409.jpg,None
341.jpg,None
3410.jpg,None
3411.jpg,None
3412.jpg,None
3413.jpg,None
3414.jpg,None
3415.jpg,None
3416.jpg,None
3418.jpg,None
3419.jpg,None
3420.jpg,None
3421.jpg,None
3422.jpg,None
3423.jpg,None
3424.jpg,None
3425.jpg,None
3426.jpg,None
3427.jpg,None
3428.jpg,None
3429.jpg,None
343.jpg,None
3430.jpg,None
3431.jpg,None
3432.jpg,None
3433.jpg,None
3435.jpg,None
3436.jpg,None
3437.jpg,None
3438.jpg,None
3439.jpg,None
344.jpg,None
3441.jpg,None
3442.jpg,None
3443.jpg,None
3444.jpg,None
3445.jpg,None
3446.jpg,None
3447.jpg,None
3449.jpg,None
345.jpg,None
3450.jpg,None
3451.jpg,None
3454.jpg,None
3456.jpg,None
3457.jpg,None
3458.jpg,None
346.jpg,None
3460.jpg,None
3461.jpg,None
3462.jpg,None
3463.jpg,None
3464.jpg,None
3465.jpg,None
3466.jpg,None
3467.jpg,None
3468.jpg,None
347.jpg,None
3470.jpg,None
3471.jpg,None
3472.jpg,None
3473.jpg,None
3474.jpg,None
3475.jpg,None
3476.jpg,None
3477.jpg,None
3478.jpg,None
3479.jpg,None
348.jpg,None
3481.jpg,None
3482.jpg,None
3483.jpg,None
3484.jpg,None
3485.jpg,None
3486.jpg,None
3487.jpg,None
3488.jpg,None
3489.jpg,None
349.jpg,None
3490.jpg,None
3491.jpg,None
3492.jpg,None
3493.jpg,None
3495.jpg,None
3496.jpg,None
3497.jpg,None
3498.jpg,None
3499.jpg,None
35.jpg,None
350.jpg,None
3500.jpg,None
3501.jpg,None
3502.jpg,None
3503.jpg,None
3504.jpg,None
3505.jpg,None
3506.jpg,None
3507.jpg,None
3508.jpg,None
3509.jpg,None
351.jpg,None
3510.jpg,None
3512.jpg,None
3513.jpg,None
3514.jpg,None
3515.jpg,None
3516.jpg,None
3517.jpg,None
3518.jpg,None
3519.jpg,None
352.jpg,None
3520.jpg,None
3521.jpg,None
3522.jpg,None
3523.jpg,None
3524.jpg,None
3525.jpg,None
3526.jpg,None
3527.jpg,None
3528.jpg,None
3529.jpg,None
353.jpg,None
3530.jpg,None
3531.jpg,None
3532.jpg,None
3533.jpg,None
3534.jpg,None
3535.jpg,None
3536.jpg,None
3537.jpg,None
3538.jpg,None
3539.jpg,None
354.jpg,None
3540.jpg,None
3541.jpg,None
3542.jpg,None
3543.jpg,None
3544.jpg,None
3545.jpg,None
3546.jpg,None
3547.jpg,None
3548.jpg,None
3549.jpg,None
355.jpg,None
3551.jpg,None
3552.jpg,None
3553.jpg,None
3554.jpg,None
3555.jpg,None
3556.jpg,None
3557.jpg,None
3558.jpg,None
356.jpg,None
3560.jpg,None
3562.jpg,None
3563.jpg,None
3564.jpg,None
3565.jpg,None
3566.jpg,None
3567.jpg,None
3569.jpg,None
3570.jpg,None
3571.jpg,None
3572.jpg,None
3573.jpg,None
3574.jpg,None
3575.jpg,None
3576.jpg,None
3577.jpg,None
3578.jpg,None
3579.jpg,None
358.jpg,None
3581.jpg,None
3582.jpg,None
3583.jpg,None
3584.jpg,None
3585.jpg,None
3586.jpg,None
3587.jpg,None
3588.jpg,None
3589.jpg,None
359.jpg,None
3590.jpg,None
3591.jpg,None
3592.jpg,None
3593.jpg,None
3594.jpg,None
3595.jpg,None
3596.jpg,None
3597.jpg,None
3598.jpg,None
3599.jpg,None
36.jpg,None
360.jpg,None
3600.jpg,None
3601.jpg,None
3602.jpg,None
3603.jpg,None
3604.jpg,None
3605.jpg,None
3606.jpg,None
3607.jpg,None
3608.jpg,None
3609.jpg,None
361.jpg,None
3610.jpg,None
3611.jpg,None
3612.jpg,None
3613.jpg,None
3614.jpg,None
3615.jpg,None
3617.jpg,None
3618.jpg,None
3619.jpg,None
362.jpg,None
3620.jpg,None
3621.jpg,None
3622.jpg,None
3623.jpg,None
3624.jpg,None
3625.jpg,None
3626.jpg,None
3627.jpg,None
3628.jpg,None
363.jpg,None
3630.jpg,None
3633.jpg,None
3634.jpg,None
3635.jpg,None
3636.jpg,None
3638.jpg,None
3639.jpg,None
364.jpg,None
3641.jpg,None
3642.jpg,None
3643.jpg,None
3644.jpg,None
3645.jpg,None
3646.jpg,None
3647.jpg,None
3648.jpg,None
3649.jpg,None
365.jpg,None
3650.jpg,None
3652.jpg,None
3653.jpg,None
3655.jpg,None
3656.jpg,None
3657.jpg,None
3658.jpg,None
3659.jpg,None
366.jpg,None
3660.jpg,None
3661.jpg,None
3662.jpg,None
3663.jpg,None
3664.jpg,None
3665.jpg,None
3666.jpg,None
3667.jpg,None
3668.jpg,None
3669.jpg,None
367.jpg,None
3671.jpg,None
3672.jpg,None
3673.jpg,None
3674.jpg,None
3675.jpg,None
3676.jpg,None
3677.jpg,None
3678.jpg,None
368.jpg,None
3680.jpg,None
3681.jpg,None
3682.jpg,None
3683.jpg,None
3684.jpg,None
3686.jpg,None
3687.jpg,None
3688.jpg,None
3689.jpg,None
369.jpg,None
3690.jpg,None
3691.jpg,None
3692.jpg,None
3693.jpg,None
3695.jpg,None
3696.jpg,None
3697.jpg,None
3698.jpg,None
3699.jpg,None
37.jpg,None
370.jpg,None
3700.jpg,None
3701.jpg,None
3702.jpg,None
3703.jpg,None
3704.jpg,None
3705.jpg,None
3706.jpg,None
3707.jpg,None
3708.jpg,None
3709.jpg,None
371.jpg,None
3710.jpg,None
3711.jpg,None
3712.jpg,None
3713.jpg,None
3714.jpg,None
3715.jpg,None
3716.jpg,None
3717.jpg,None
3718.jpg,None
3719.jpg,None
372.jpg,None
3720.jpg,None
3721.jpg,None
3722.jpg,None
3723.jpg,None
3724.jpg,None
3725.jpg,None
3726.jpg,None
3727.jpg,None
3728.jpg,None
3729.jpg,None
373.jpg,None
3730.jpg,None
3731.jpg,None
3732.jpg,None
3733.jpg,None
3734.jpg,None
3735.jpg,None
3736.jpg,None
3737.jpg,None
3738.jpg,None
3739.jpg,None
374.jpg,None
3740.jpg,None
3741.jpg,None
3742.jpg,None
3743.jpg,None
3744.jpg,None
3745.jpg,None
3746.jpg,None
3747.jpg,None
3748.jpg,None
3749.jpg,None
375.jpg,None
3750.jpg,None
3751.jpg,None
3752.jpg,None
3753.jpg,None
3754.jpg,None
3755.jpg,None
3756.jpg,None
3757.jpg,None
3759.jpg,None
376.jpg,None
3760.jpg,None
3761.jpg,None
3762.jpg,None
3763.jpg,None
3764.jpg,None
3765.jpg,None
3766.jpg,None
3767.jpg,None
3768.jpg,None
377.jpg,None
3771.jpg,None
3773.jpg,None
3774.jpg,None
3776.jpg,None
3778.jpg,None
3779.jpg,None
378.jpg,None
3780.jpg,None
3781.jpg,None
3782.jpg,None
3783.jpg,None
3784.jpg,None
3785.jpg,None
3786.jpg,None
3787.jpg,None
3788.jpg,None
3789.jpg,None
379.jpg,None
3790.jpg,None
3791.jpg,None
3792.jpg,None
3793.jpg,None
3794.jpg,None
3795.jpg,None
3796.jpg,None
3797.jpg,None
3798.jpg,None
3799.jpg,None
38.jpg,None
380.jpg,None
3800.jpg,None
3801.jpg,None
3802.jpg,None
3803.jpg,None
3804.jpg,None
3805.jpg,None
3806.jpg,None
3807.jpg,None
3808.jpg,None
3809.jpg,None
381.jpg,None
3810.jpg,None
3811.jpg,None
3812.jpg,None
3813.jpg,None
3814.jpg,None
3815.jpg,None
3817.jpg,None
3818.jpg,None
3819.jpg,None
382.jpg,None
3820.jpg,None
3821.jpg,None
3822.jpg,None
3823.jpg,None
3824.jpg,None
3825.jpg,None
3826.jpg,None
3827.jpg,None
3828.jpg,None
383.jpg,None
3830.jpg,None
3831.jpg,None
3832.jpg,None
3833.jpg,None
3834.jpg,None
3835.jpg,None
3836.jpg,None
3837.jpg,None
3838.jpg,None
3839.jpg,None
384.jpg,None
3840.jpg,None
3842.jpg,None
3843.jpg,None
3845.jpg,None
3846.jpg,None
3848.jpg,None
3849.jpg,None
385.jpg,None
3850.jpg,None
3851.jpg,None
3852.jpg,None
3853.jpg,None
3854.jpg,None
3855.jpg,None
3856.jpg,None
3857.jpg,None
3858.jpg,None
3859.jpg,None
386.jpg,None
3860.jpg,None
3861.jpg,None
3862.jpg,None
3863.jpg,None
3864.jpg,None
3865.jpg,None
3866.jpg,None
3867.jpg,None
3868.jpg,None
3869.jpg,None
387.jpg,None
3870.jpg,None
3871.jpg,None
3872.jpg,None
3873.jpg,None
3875.jpg,None
3876.jpg,None
3877.jpg,None
3878.jpg,None
3879.jpg,None
388.jpg,None
3880.jpg,None
3881.jpg,None
3882.jpg,None
3883.jpg,None
3885.jpg,None
3886.jpg,None
3887.jpg,None
3888.jpg,None
3889.jpg,None
389.jpg,None
3890.jpg,None
3891.jpg,None
3892.jpg,None
3893.jpg,None
3894.jpg,None
3895.jpg,None
3896.jpg,None
3897.jpg,None
3898.jpg,None
3899.jpg,None
39.jpg,None
390.jpg,None
3900.jpg,None
3901.jpg,None
3902.jpg,None
3903.jpg,None
3904.jpg,None
3905.jpg,None
3906.jpg,None
3907.jpg,None
3908.jpg,None
3909.jpg,None
391.jpg,None
3910.jpg,None
3911.jpg,None
3912.jpg,None
3913.jpg,None
3915.jpg,None
3916.jpg,None
3917.jpg,None
3919.jpg,None
392.jpg,None
3922.jpg,None
3923.jpg,None
3924.jpg,None
3925.jpg,None
3926.jpg,None
3927.jpg,None
3928.jpg,None
3929.jpg,None
393.jpg,None
3931.jpg,None
3934.jpg,None
3935.jpg,None
3936.jpg,None
3937.jpg,None
3938.jpg,None
3939.jpg,None
394.jpg,None
3940.jpg,None
3941.jpg,None
3942.jpg,None
3943.jpg,None
3944.jpg,None
3945.jpg,None
3948.jpg,None
3949.jpg,None
395.jpg,None
3950.jpg,None
3951.jpg,None
3952.jpg,None
3953.jpg,None
3954.jpg,None
3955.jpg,None
3956.jpg,None
3957.jpg,None
3958.jpg,None
396.jpg,None
3960.jpg,None
3962.jpg,None
3963.jpg,None
3964.jpg,None
3965.jpg,None
3966.jpg,None
3967.jpg,None
3968.jpg,None
3969.jpg,None
397.jpg,None
3970.jpg,None
3971.jpg,None
3972.jpg,None
3973.jpg,None
3974.jpg,None
3975.jpg,None
3976.jpg,None
3978.jpg,None
3979.jpg,None
398.jpg,None
3980.jpg,None
3981.jpg,None
3982.jpg,None
3983.jpg,None
3984.jpg,None
3985.jpg,None
3986.jpg,None
3987.jpg,None
3988.jpg,None
3989.jpg,None
399.jpg,None
3990.jpg,None
3991.jpg,None
3992.jpg,None
3993.jpg,None
3994.jpg,None
3996.jpg,None
3997.jpg,None
3998.jpg,None
3999.jpg,None
4.jpg,None
40.jpg,None
400.jpg,None
4000.jpg,None
4001.jpg,None
4002.jpg,None
4003.jpg,None
4004.jpg,None
4005.jpg,None
4007.jpg,None
4008.jpg,None
4009.jpg,None
401.jpg,None
4011.jpg,None
4012.jpg,None
4013.jpg,None
4014.jpg,None
4015.jpg,None
4016.jpg,None
4017.jpg,None
4018.jpg,None
4019.jpg,None
402.jpg,None
4020.jpg,None
4021.jpg,None
4022.jpg,None
4023.jpg,None
4024.jpg,None
4025.jpg,None
4026.jpg,None
4027.jpg,None
4028.jpg,None
4029.jpg,None
403.jpg,None
4030.jpg,None
4031.jpg,None
4032.jpg,None
4033.jpg,None
4034.jpg,None
4035.jpg,None
4036.jpg,None
4038.jpg,None
404.jpg,None
4040.jpg,None
4041.jpg,None
4042.jpg,None
4043.jpg,None
4044.jpg,None
4045.jpg,None
4047.jpg,None
4048.jpg,None
4049.jpg,None
405.jpg,None
4050.jpg,None
4051.jpg,None
4052.jpg,None
4053.jpg,None
4054.jpg,None
4055.jpg,None
4056.jpg,None
4057.jpg,None
4058.jpg,None
4060.jpg,None
4061.jpg,None
4062.jpg,None
4063.jpg,None
4065.jpg,None
4066.jpg,None
4068.jpg,None
4069.jpg,None
407.jpg,None
4070.jpg,None
4071.jpg,None
4072.jpg,None
4074.jpg,None
4075.jpg,None
4076.jpg,None
4077.jpg,None
4078.jpg,None
4079.jpg,None
408.jpg,None
4080.jpg,None
4082.jpg,None
4083.jpg,None
4084.jpg,None
4085.jpg,None
4086.jpg,None
4087.jpg,None
4088.jpg,None
4089.jpg,None
409.jpg,None
4090.jpg,None
4091.jpg,None
4093.jpg,None
4094.jpg,None
4096.jpg,None
4097.jpg,None
4098.jpg,None
4099.jpg,None
41.jpg,None
410.jpg,None
4100.jpg,None
4101.jpg,None
4102.jpg,None
4103.jpg,None
4104.jpg,None
4105.jpg,None
4106.jpg,None
4107.jpg,None
4108.jpg,None
4109.jpg,None
411.jpg,None
4111.jpg,None
4112.jpg,None
4114.jpg,None
4115.jpg,None
4116.jpg,None
4117.jpg,None
4118.jpg,None
4119.jpg,None
412.jpg,None
4120.jpg,None
4121.jpg,None
4122.jpg,None
4123.jpg,None
4124.jpg,None
4125.jpg,None
4126.jpg,None
4127.jpg,None
4128.jpg,None
4129.jpg,None
413.jpg,None
4130.jpg,None
4131.jpg,None
4132.jpg,None
4133.jpg,None
4134.jpg,None
4135.jpg,None
4138.jpg,None
4139.jpg,None
414.jpg,None
4140.jpg,None
4141.jpg,None
4143.jpg,None
4144.jpg,None
4145.jpg,None
4146.jpg,None
4148.jpg,None
415.jpg,None
4151.jpg,None
4152.jpg,None
4153.jpg,None
4155.jpg,None
4156.jpg,None
4158.jpg,None
416.jpg,None
4160.jpg,None
4162.jpg,None
4163.jpg,None
4164.jpg,None
4165.jpg,None
4166.jpg,None
4167.jpg,None
4169.jpg,None
417.jpg,None
4170.jpg,None
4171.jpg,None
4172.jpg,None
4173.jpg,None
4174.jpg,None
4175.jpg,None
4176.jpg,None
4177.jpg,None
4178.jpg,None
4179.jpg,None
418.jpg,None
4181.jpg,None
4182.jpg,None
4183.jpg,None
4184.jpg,None
4185.jpg,None
4186.jpg,None
4187.jpg,None
4188.jpg,None
4189.jpg,None
419.jpg,None
4190.jpg,None
4191.jpg,None
4192.jpg,None
4193.jpg,None
4194.jpg,None
4195.jpg,None
4198.jpg,None
4199.jpg,None
42.jpg,None
420.jpg,None
4201.jpg,None
4202.jpg,None
4203.jpg,None
4204.jpg,None
4205.jpg,None
4206.jpg,None
4207.jpg,None
4208.jpg,None
4209.jpg,None
421.jpg,None
4210.jpg,None
4211.jpg,None
4212.jpg,None
4214.jpg,None
4215.jpg,None
4217.jpg,None
4218.jpg,None
4219.jpg,None
422.jpg,None
4221.jpg,None
4222.jpg,None
4223.jpg,None
4224.jpg,None
4225.jpg,None
4226.jpg,None
4227.jpg,None
4228.jpg,None
423.jpg,None
4230.jpg,None
4231.jpg,None
4232.jpg,None
4233.jpg,None
4234.jpg,None
4235.jpg,None
4236.jpg,None
4237.jpg,None
4238.jpg,None
4239.jpg,None
424.jpg,None
4240.jpg,None
4241.jpg,None
4242.jpg,None
4243.jpg,None
4244.jpg,None
4245.jpg,None
4246.jpg,None
4247.jpg,None
4248.jpg,None
4249.jpg,None
4250.jpg,None
4253.jpg,None
4254.jpg,None
4255.jpg,None
4256.jpg,None
4257.jpg,None
4258.jpg,None
4259.jpg,None
426.jpg,None
4260.jpg,None
4262.jpg,None
4263.jpg,None
4264.jpg,None
4266.jpg,None
4267.jpg,None
4268.jpg,None
4269.jpg,None
427.jpg,None
4270.jpg,None
4271.jpg,None
4272.jpg,None
4274.jpg,None
4275.jpg,None
4276.jpg,None
4277.jpg,None
4278.jpg,None
4279.jpg,None
428.jpg,None
4280.jpg,None
4281.jpg,None
4282.jpg,None
4283.jpg,None
4284.jpg,None
4286.jpg,None
4287.jpg,None
4288.jpg,None
4289.jpg,None
429.jpg,None
4290.jpg,None
4291.jpg,None
4292.jpg,None
4294.jpg,None
4296.jpg,None
4297.jpg,None
4298.jpg,None
4299.jpg,None
43.jpg,None
430.jpg,None
4300.jpg,None
4301.jpg,None
4302.jpg,None
4303.jpg,None
4304.jpg,None
4305.jpg,None
4306.jpg,None
4307.jpg,None
4308.jpg,None
4309.jpg,None
431.jpg,None
4310.jpg,None
4311.jpg,None
4312.jpg,None
4313.jpg,None
4314.jpg,None
4315.jpg,None
4316.jpg,None
4317.jpg,None
4318.jpg,None
4319.jpg,None
432.jpg,None
4320.jpg,None
4321.jpg,None
4322.jpg,None
4323.jpg,None
4324.jpg,None
4325.jpg,None
4327.jpg,None
4328.jpg,None
4329.jpg,None
433.jpg,None
4330.jpg,None
4331.jpg,None
4332.jpg,None
4333.jpg,None
4334.jpg,None
4335.jpg,None
4337.jpg,None
4338.jpg,None
434.jpg,None
4340.jpg,None
4342.jpg,None
4343.jpg,None
4344.jpg,None
4346.jpg,None
4347.jpg,None
4348.jpg,None
4350.jpg,None
4351.jpg,None
4352.jpg,None
4353.jpg,None
4355.jpg,None
4356.jpg,None
4357.jpg,None
4358.jpg,None
4359.jpg,None
436.jpg,None
4360.jpg,None
4361.jpg,None
4362.jpg,None
4363.jpg,None
4364.jpg,None
4365.jpg,None
4366.jpg,None
4367.jpg,None
4368.jpg,None
437.jpg,None
4370.jpg,None
4371.jpg,None
4372.jpg,None
4373.jpg,None
4375.jpg,None
4376.jpg,None
4377.jpg,None
4378.jpg,None
4379.jpg,None
438.jpg,None
4380.jpg,None
4381.jpg,None
4382.jpg,None
4383.jpg,None
4384.jpg,None
4385.jpg,None
4386.jpg,None
4387.jpg,None
4389.jpg,None
439.jpg,None
4390.jpg,None
4392.jpg,None
4393.jpg,None
4395.jpg,None
4396.jpg,None
4397.jpg,None
44.jpg,None
440.jpg,None
4400.jpg,None
4401.jpg,None
4402.jpg,None
4403.jpg,None
4404.jpg,None
4405.jpg,None
4407.jpg,None
4409.jpg,None
441.jpg,None
4412.jpg,None
4413.jpg,None
4414.jpg,None
4416.jpg,None
4417.jpg,None
4418.jpg,None
4419.jpg,None
442.jpg,None
4420.jpg,None
4421.jpg,None
4422.jpg,None
4423.jpg,None
4424.jpg,None
4425.jpg,None
4426.jpg,None
4427.jpg,None
4428.jpg,None
4429.jpg,None
443.jpg,None
4430.jpg,None
4432.jpg,None
4433.jpg,None
4434.jpg,None
4435.jpg,None
4436.jpg,None
4437.jpg,None
4438.jpg,None
4439.jpg,None
444.jpg,None
4441.jpg,None
4442.jpg,None
4443.jpg,None
4444.jpg,None
4445.jpg,None
4446.jpg,None
4447.jpg,None
4449.jpg,None
445.jpg,None
4450.jpg,None
4451.jpg,None
4452.jpg,None
4453.jpg,None
4454.jpg,None
4455.jpg,None
4457.jpg,None
4458.jpg,None
446.jpg,None
4461.jpg,None
4462.jpg,None
4463.jpg,None
4464.jpg,None
4465.jpg,None
4466.jpg,None
4467.jpg,None
4468.jpg,None
4469.jpg,None
447.jpg,None
4470.jpg,None
4471.jpg,None
4472.jpg,None
4473.jpg,None
4474.jpg,None
4475.jpg,None
4476.jpg,None
4477.jpg,None
4478.jpg,None
4479.jpg,None
448.jpg,None
4480.jpg,None
4481.jpg,None
4482.jpg,None
4483.jpg,None
4484.jpg,None
4486.jpg,None
4488.jpg,None
4489.jpg,None
449.jpg,None
4490.jpg,None
4491.jpg,None
4492.jpg,None
4494.jpg,None
4495.jpg,None
4496.jpg,None
4497.jpg,None
4498.jpg,None
4499.jpg,None
45.jpg,None
450.jpg,None
4500.jpg,None
4501.jpg,None
4502.jpg,None
4503.jpg,None
4504.jpg,None
4505.jpg,None
4506.jpg,None
4507.jpg,None
4508.jpg,None
4509.jpg,None
4510.jpg,None
4511.jpg,None
4512.jpg,None
4513.jpg,None
4514.jpg,None
4515.jpg,None
4516.jpg,None
4518.jpg,None
4519.jpg,None
4520.jpg,None
4521.jpg,None
4522.jpg,None
4523.jpg,None
4525.jpg,None
4526.jpg,None
4527.jpg,None
4528.jpg,None
4529.jpg,None
453.jpg,None
4530.jpg,None
4531.jpg,None
4532.jpg,None
4533.jpg,None
4534.jpg,None
4535.jpg,None
4536.jpg,None
4537.jpg,None
4538.jpg,None
4539.jpg,None
454.jpg,None
4540.jpg,None
4541.jpg,None
4542.jpg,None
4543.jpg,None
4544.jpg,None
4545.jpg,None
4546.jpg,None
4547.jpg,None
4548.jpg,None
4549.jpg,None
455.jpg,None
4550.jpg,None
4551.jpg,None
4552.jpg,None
4553.jpg,None
4554.jpg,None
4555.jpg,None
4556.jpg,None
4557.jpg,None
4558.jpg,None
4559.jpg,None
4560.jpg,None
4561.jpg,None
4562.jpg,None
4563.jpg,None
4565.jpg,None
4566.jpg,None
4567.jpg,None
4568.jpg,None
457.jpg,None
4571.jpg,None
4572.jpg,None
4573.jpg,None
4574.jpg,None
4575.jpg,None
4576.jpg,None
4578.jpg,None
4579.jpg,None
458.jpg,None
4580.jpg,None
4581.jpg,None
4582.jpg,None
4583.jpg,None
4584.jpg,None
4585.jpg,None
4586.jpg,None
4587.jpg,None
4588.jpg,None
4589.jpg,None
459.jpg,None
4590.jpg,None
4591.jpg,None
4592.jpg,None
4594.jpg,None
4597.jpg,None
4599.jpg,None
46.jpg,None
460.jpg,None
4600.jpg,None
4601.jpg,None
4602.jpg,None
4603.jpg,None
4604.jpg,None
4605.jpg,None
4606.jpg,None
4607.jpg,None
4608.jpg,None
4609.jpg,None
461.jpg,None
4610.jpg,None
4611.jpg,None
4612.jpg,None
4613.jpg,None
4614.jpg,None
4615.jpg,None
4616.jpg,None
4617.jpg,None
4618.jpg,None
4619.jpg,None
462.jpg,None
4620.jpg,None
4621.jpg,None
4622.jpg,None
4623.jpg,None
4625.jpg,None
4626.jpg,None
4627.jpg,None
4628.jpg,None
4629.jpg,None
463.jpg,None
4630.jpg,None
4631.jpg,None
4632.jpg,None
4633.jpg,None
4634.jpg,None
4635.jpg,None
4636.jpg,None
4637.jpg,None
4638.jpg,None
4639.jpg,None
464.jpg,None
4640.jpg,None
4641.jpg,None
4642.jpg,None
4643.jpg,None
4644.jpg,None
4645.jpg,None
4646.jpg,None
4647.jpg,None
4648.jpg,None
4649.jpg,None
465.jpg,None
4650.jpg,None
4651.jpg,None
4652.jpg,None
4657.jpg,None
4658.jpg,None
466.jpg,None
4660.jpg,None
4661.jpg,None
4662.jpg,None
4663.jpg,None
4664.jpg,None
4665.jpg,None
4666.jpg,None
4667.jpg,None
4668.jpg,None
4669.jpg,None
467.jpg,None
4670.jpg,None
4671.jpg,None
4672.jpg,None
4673.jpg,None
4674.jpg,None
4675.jpg,None
4676.jpg,None
4677.jpg,None
4678.jpg,None
4679.jpg,None
468.jpg,None
4680.jpg,None
4682.jpg,None
4684.jpg,None
4685.jpg,None
4686.jpg,None
4687.jpg,None
4688.jpg,None
4689.jpg,None
469.jpg,None
4690.jpg,None
4691.jpg,None
4692.jpg,None
4693.jpg,None
4694.jpg,None
4695.jpg,None
4696.jpg,None
4697.jpg,None
4698.jpg,None
4699.jpg,None
47.jpg,None
470.jpg,None
4700.jpg,None
4701.jpg,None
4702.jpg,None
4703.jpg,None
4704.jpg,None
4705.jpg,None
4706.jpg,None
4708.jpg,None
4709.jpg,None
471.jpg,None
4710.jpg,None
4711.jpg,None
4712.jpg,None
4713.jpg,None
4714.jpg,None
4715.jpg,None
4716.jpg,None
4717.jpg,None
4719.jpg,None
472.jpg,None
4720.jpg,None
4721.jpg,None
4722.jpg,None
4723.jpg,None
4724.jpg,None
4725.jpg,None
4726.jpg,None
4728.jpg,None
4729.jpg,None
473.jpg,None
4730.jpg,None
4731.jpg,None
4732.jpg,None
4733.jpg,None
4734.jpg,None
4736.jpg,None
4737.jpg,None
4738.jpg,None
4739.jpg,None
474.jpg,None
4740.jpg,None
4741.jpg,None
4742.jpg,None
4743.jpg,None
4744.jpg,None
4745.jpg,None
4747.jpg,None
4748.jpg,None
475.jpg,None
4750.jpg,None
4751.jpg,None
4752.jpg,None
4753.jpg,None
4754.jpg,None
4755.jpg,None
4758.jpg,None
4759.jpg,None
476.jpg,None
4760.jpg,None
4761.jpg,None
4762.jpg,None
4763.jpg,None
4764.jpg,None
4765.jpg,None
4766.jpg,None
4767.jpg,None
4768.jpg,None
4769.jpg,None
477.jpg,None
4771.jpg,None
4774.jpg,None
4775.jpg,None
4776.jpg,None
4777.jpg,None
4778.jpg,None
4779.jpg,None
478.jpg,None
4781.jpg,None
4782.jpg,None
4783.jpg,None
4785.jpg,None
4787.jpg,None
479.jpg,None
4790.jpg,None
4791.jpg,None
4792.jpg,None
4793.jpg,None
4794.jpg,None
4795.jpg,None
4796.jpg,None
4797.jpg,None
4798.jpg,None
4799.jpg,None
48.jpg,None
480.jpg,None
4800.jpg,None
4801.jpg,None
4802.jpg,None
4803.jpg,None
4804.jpg,None
4805.jpg,None
4806.jpg,None
4807.jpg,None
4808.jpg,None
4809.jpg,None
481.jpg,None
4810.jpg,None
4811.jpg,None
4812.jpg,None
4813.jpg,None
4814.jpg,None
4816.jpg,None
4817.jpg,None
4818.jpg,None
4819.jpg,None
482.jpg,None
4820.jpg,None
4821.jpg,None
4822.jpg,None
4823.jpg,None
4825.jpg,None
4826.jpg,None
4827.jpg,None
4829.jpg,None
483.jpg,None
4830.jpg,None
4831.jpg,None
4832.jpg,None
4833.jpg,None
4835.jpg,None
4836.jpg,None
4837.jpg,None
4838.jpg,None
484.jpg,None
4840.jpg,None
4841.jpg,None
4842.jpg,None
4843.jpg,None
4844.jpg,None
4845.jpg,None
4846.jpg,None
4848.jpg,None
4849.jpg,None
485.jpg,None
4850.jpg,None
4852.jpg,None
4854.jpg,None
4855.jpg,None
4856.jpg,None
4857.jpg,None
4858.jpg,None
486.jpg,None
4861.jpg,None
4862.jpg,None
4863.jpg,None
4864.jpg,None
4865.jpg,None
4866.jpg,None
4867.jpg,None
4868.jpg,None
4869.jpg,None
487.jpg,None
4870.jpg,None
4871.jpg,None
4872.jpg,None
4873.jpg,None
4874.jpg,None
4875.jpg,None
4876.jpg,None
4878.jpg,None
4879.jpg,None
488.jpg,None
4881.jpg,None
4882.jpg,None
4883.jpg,None
4884.jpg,None
4885.jpg,None
4886.jpg,None
4887.jpg,None
4888.jpg,None
4889.jpg,None
489.jpg,None
4890.jpg,None
4891.jpg,None
4892.jpg,None
4893.jpg,None
4894.jpg,None
4895.jpg,None
4896.jpg,None
4897.jpg,None
4898.jpg,None
4899.jpg,None
49.jpg,None
490.jpg,None
4900.jpg,None
4901.jpg,None
4902.jpg,None
4903.jpg,None
4904.jpg,None
4905.jpg,None
4906.jpg,None
4907.jpg,None
4908.jpg,None
4909.jpg,None
491.jpg,None
4910.jpg,None
4911.jpg,None
4912.jpg,None
4913.jpg,None
4914.jpg,None
4915.jpg,None
4916.jpg,None
4917.jpg,None
4918.jpg,None
4919.jpg,None
4920.jpg,None
4921.jpg,None
4922.jpg,None
4924.jpg,None
4925.jpg,None
4926.jpg,None
4927.jpg,None
4928.jpg,None
4929.jpg,None
493.jpg,None
4930.jpg,None
4932.jpg,None
4933.jpg,None
4934.jpg,None
4935.jpg,None
4936.jpg,None
4937.jpg,None
4938.jpg,None
494.jpg,None
4940.jpg,None
4942.jpg,None
4943.jpg,None
4944.jpg,None
4945.jpg,None
4946.jpg,None
4947.jpg,None
4948.jpg,None
4949.jpg,None
495.jpg,None
4950.jpg,None
4952.jpg,None
4953.jpg,None
4954.jpg,None
4955.jpg,None
4956.jpg,None
4957.jpg,None
4958.jpg,None
4959.jpg,None
496.jpg,None
4960.jpg,None
4961.jpg,None
4962.jpg,None
4963.jpg,None
4964.jpg,None
4965.jpg,None
4966.jpg,None
4967.jpg,None
4968.jpg,None
4969.jpg,None
497.jpg,None
4970.jpg,None
4971.jpg,None
4972.jpg,None
4973.jpg,None
4974.jpg,None
4975.jpg,None
4976.jpg,None
4977.jpg,None
4978.jpg,None
4979.jpg,None
498.jpg,None
4980.jpg,None
4981.jpg,None
4982.jpg,None
4983.jpg,None
4984.jpg,None
4985.jpg,None
4986.jpg,None
4987.jpg,None
4988.jpg,None
4989.jpg,None
4990.jpg,None
4991.jpg,None
4992.jpg,None
4993.jpg,None
4994.jpg,None
4995.jpg,None
4996.jpg,None
4997.jpg,None
4999.jpg,None
5.jpg,None
50.jpg,None
500.jpg,None
502.jpg,None
503.jpg,None
505.jpg,None
506.jpg,None
507.jpg,None
508.jpg,None
509.jpg,None
51.jpg,None
510.jpg,None
511.jpg,None
512.jpg,None
513.jpg,None
514.jpg,None
515.jpg,None
516.jpg,None
517.jpg,None
518.jpg,None
519.jpg,None
52.jpg,None
520.jpg,None
521.jpg,None
522.jpg,None
523.jpg,None
524.jpg,None
525.jpg,None
526.jpg,None
527.jpg,None
528.jpg,None
529.jpg,None
53.jpg,None
530.jpg,None
532.jpg,None
533.jpg,None
534.jpg,None
536.jpg,None
537.jpg,None
538.jpg,None
539.jpg,None
54.jpg,None
540.jpg,None
541.jpg,None
543.jpg,None
544.jpg,None
545.jpg,None
546.jpg,None
547.jpg,None
548.jpg,None
549.jpg,None
55.jpg,None
550.jpg,None
551.jpg,None
552.jpg,None
553.jpg,None
554.jpg,None
555.jpg,None
556.jpg,None
557.jpg,None
558.jpg,None
559.jpg,None
56.jpg,None
560.jpg,None
561.jpg,None
562.jpg,None
563.jpg,None
564.jpg,None
565.jpg,None
566.jpg,None
567.jpg,None
568.jpg,None
569.jpg,None
57.jpg,None
570.jpg,None
571.jpg,None
572.jpg,None
573.jpg,None
574.jpg,None
575.jpg,None
576.jpg,None
577.jpg,None
578.jpg,None
579.jpg,None
58.jpg,None
580.jpg,None
581.jpg,None
582.jpg,None
583.jpg,None
585.jpg,None
586.jpg,None
587.jpg,None
588.jpg,None
589.jpg,None
59.jpg,None
590.jpg,None
591.jpg,None
592.jpg,None
593.jpg,None
594.jpg,None
595.jpg,None
596.jpg,None
597.jpg,None
598.jpg,None
599.jpg,None
6.jpg,None
60.jpg,None
600.jpg,None
601.jpg,None
602.jpg,None
604.jpg,None
605.jpg,None
606.jpg,None
607.jpg,None
608.jpg,None
609.jpg,None
61.jpg,None
610.jpg,None
611.jpg,None
612.jpg,None
613.jpg,None
614.jpg,None
615.jpg,None
616.jpg,None
617.jpg,None
618.jpg,None
619.jpg,None
62.jpg,None
620.jpg,None
622.jpg,None
623.jpg,None
624.jpg,None
625.jpg,None
626.jpg,None
627.jpg,None
628.jpg,None
629.jpg,None
63.jpg,None
630.jpg,None
631.jpg,None
632.jpg,None
633.jpg,None
634.jpg,None
635.jpg,None
636.jpg,None
637.jpg,None
638.jpg,None
639.jpg,None
64.jpg,None
640.jpg,None
641.jpg,None
642.jpg,None
643.jpg,None
644.jpg,None
645.jpg,None
647.jpg,None
648.jpg,None
649.jpg,None
65.jpg,None
650.jpg,None
651.jpg,None
652.jpg,None
653.jpg,None
654.jpg,None
655.jpg,None
656.jpg,None
657.jpg,None
658.jpg,None
659.jpg,None
66.jpg,None
660.jpg,None
661.jpg,None
662.jpg,None
663.jpg,None
664.jpg,None
665.jpg,None
666.jpg,None
667.jpg,None
668.jpg,None
669.jpg,None
67.jpg,None
670.jpg,None
671.jpg,None
672.jpg,None
673.jpg,None
674.jpg,None
675.jpg,None
676.jpg,None
677.jpg,None
678.jpg,None
679.jpg,None
68.jpg,None
680.jpg,None
681.jpg,None
683.jpg,None
684.jpg,None
685.jpg,None
686.jpg,None
687.jpg,None
688.jpg,None
689.jpg,None
69.jpg,None
690.jpg,None
691.jpg,None
692.jpg,None
693.jpg,None
694.jpg,None
695.jpg,None
696.jpg,None
697.jpg,None
698.jpg,None
699.jpg,None
7.jpg,None
70.jpg,None
700.jpg,None
701.jpg,None
702.jpg,None
704.jpg,None
705.jpg,None
706.jpg,None
707.jpg,None
708.jpg,None
709.jpg,None
71.jpg,None
710.jpg,None
711.jpg,None
712.jpg,None
713.jpg,None
714.jpg,None
715.jpg,None
716.jpg,None
717.jpg,None
718.jpg,None
719.jpg,None
72.jpg,None
721.jpg,None
722.jpg,None
723.jpg,None
724.jpg,None
725.jpg,None
726.jpg,None
727.jpg,None
728.jpg,None
729.jpg,None
73.jpg,None
731.jpg,None
733.jpg,None
735.jpg,None
736.jpg,None
737.jpg,None
738.jpg,None
739.jpg,None
74.jpg,None
740.jpg,None
741.jpg,None
742.jpg,None
743.jpg,None
744.jpg,None
746.jpg,None
748.jpg,None
75.jpg,None
750.jpg,None
751.jpg,None
752.jpg,None
753.jpg,None
754.jpg,None
755.jpg,None
756.jpg,None
757.jpg,None
758.jpg,None
759.jpg,None
76.jpg,None
760.jpg,None
761.jpg,None
762.jpg,None
764.jpg,None
765.jpg,None
766.jpg,None
768.jpg,None
769.jpg,None
77.jpg,None
770.jpg,None
772.jpg,None
773.jpg,None
774.jpg,None
775.jpg,None
776.jpg,None
778.jpg,None
779.jpg,None
78.jpg,None
780.jpg,None
781.jpg,None
782.jpg,None
783.jpg,None
784.jpg,None
785.jpg,None
786.jpg,None
787.jpg,None
788.jpg,None
789.jpg,None
79.jpg,None
790.jpg,None
791.jpg,None
792.jpg,None
793.jpg,None
794.jpg,None
795.jpg,None
796.jpg,None
797.jpg,None
798.jpg,None
799.jpg,None
80.jpg,None
800.jpg,None
801.jpg,None
802.jpg,None
803.jpg,None
804.jpg,None
805.jpg,None
806.jpg,None
807.jpg,None
809.jpg,None
810.jpg,None
811.jpg,None
812.jpg,None
813.jpg,None
814.jpg,None
815.jpg,None
816.jpg,None
817.jpg,None
818.jpg,None
819.jpg,None
82.jpg,None
821.jpg,None
822.jpg,None
823.jpg,None
824.jpg,None
825.jpg,None
826.jpg,None
827.jpg,None
828.jpg,None
83.jpg,None
830.jpg,None
832.jpg,None
833.jpg,None
834.jpg,None
835.jpg,None
836.jpg,None
837.jpg,None
838.jpg,None
839.jpg,None
84.jpg,None
841.jpg,None
842.jpg,None
844.jpg,None
845.jpg,None
846.jpg,None
847.jpg,None
848.jpg,None
849.jpg,None
85.jpg,None
850.jpg,None
851.jpg,None
852.jpg,None
854.jpg,None
856.jpg,None
857.jpg,None
858.jpg,None
859.jpg,None
86.jpg,None
860.jpg,None
861.jpg,None
862.jpg,None
863.jpg,None
864.jpg,None
865.jpg,None
866.jpg,None
867.jpg,None
868.jpg,None
869.jpg,None
87.jpg,None
870.jpg,None
871.jpg,None
872.jpg,None
873.jpg,None
874.jpg,None
875.jpg,None
876.jpg,None
877.jpg,None
878.jpg,None
879.jpg,None
88.jpg,None
880.jpg,None
881.jpg,None
882.jpg,None
883.jpg,None
885.jpg,None
887.jpg,None
888.jpg,None
889.jpg,None
89.jpg,None
890.jpg,None
891.jpg,None
892.jpg,None
893.jpg,None
894.jpg,None
895.jpg,None
896.jpg,None
897.jpg,None
898.jpg,None
9.jpg,None
90.jpg,None
900.jpg,None
901.jpg,None
902.jpg,None
903.jpg,None
904.jpg,None
906.jpg,None
907.jpg,None
908.jpg,None
909.jpg,None
91.jpg,None
910.jpg,None
911.jpg,None
913.jpg,None
914.jpg,None
915.jpg,None
916.jpg,None
917.jpg,None
918.jpg,None
919.jpg,None
92.jpg,None
921.jpg,None
922.jpg,None
923.jpg,None
924.jpg,None
925.jpg,None
926.jpg,None
927.jpg,None
928.jpg,None
93.jpg,None
931.jpg,None
932.jpg,None
933.jpg,None
934.jpg,None
935.jpg,None
936.jpg,None
937.jpg,None
938.jpg,None
939.jpg,None
940.jpg,None
942.jpg,None
944.jpg,None
945.jpg,None
946.jpg,None
947.jpg,None
948.jpg,None
949.jpg,None
95.jpg,None
950.jpg,None
951.jpg,None
952.jpg,None
953.jpg,None
954.jpg,None
955.jpg,None
956.jpg,None
957.jpg,None
958.jpg,None
959.jpg,None
96.jpg,None
960.jpg,None
962.jpg,None
963.jpg,None
964.jpg,None
965.jpg,None
966.jpg,None
968.jpg,None
969.jpg,None
97.jpg,None
970.jpg,None
972.jpg,None
973.jpg,None
974.jpg,None
975.jpg,None
976.jpg,None
977.jpg,None
978.jpg,None
979.jpg,None
98.jpg,None
980.jpg,None
981.jpg,None
982.jpg,None
983.jpg,None
984.jpg,None
985.jpg,None
986.jpg,None
987.jpg,None
988.jpg,None
989.jpg,None
99.jpg,None
990.jpg,None
991.jpg,None
992.jpg,None
993.jpg,None
994.jpg,None
995.jpg,None
996.jpg,None
997.jpg,None
998.jpg,None
